{
    "$schema": "http://schema.management.azure.com/schemas/2015-01-01/deploymentTemplate.json#",
    "contentVersion": "1.0.0.0",
    "parameters": {
        "factoryName": {
            "type": "string",
            "metadata": "Data Factory name",
            "defaultValue": "OP-Saude"
        }
    },
    "variables": {
        "factoryId": "[concat('Microsoft.DataFactory/factories/', parameters('factoryName'))]"
    },
    "resources": [
        {
            "name": "[concat(parameters('factoryName'), '/DBSQLDimBenef')]",
            "type": "Microsoft.DataFactory/factories/datasets",
            "apiVersion": "2018-06-01",
            "properties": {
                "linkedServiceName": {
                    "referenceName": "AzureSqlDatabase1",
                    "type": "LinkedServiceReference"
                },
                "annotations": [],
                "type": "AzureSqlTable",
                "schema": [
                    {
                        "name": "COD_PESSOA",
                        "type": "bigint",
                        "precision": 19
                    },
                    {
                        "name": "CODIGO_BENEFICIARIO",
                        "type": "nvarchar"
                    },
                    {
                        "name": "COD_BENEF_TITULAR",
                        "type": "nvarchar"
                    },
                    {
                        "name": "NUM_EMPRESA",
                        "type": "bigint",
                        "precision": 19
                    },
                    {
                        "name": "NOME_INTERNO",
                        "type": "nvarchar"
                    },
                    {
                        "name": "NOME_BENEFICIARIO",
                        "type": "nvarchar"
                    },
                    {
                        "name": "NUM_CPF",
                        "type": "nvarchar"
                    },
                    {
                        "name": "DAT_NASCIMENTO",
                        "type": "date"
                    },
                    {
                        "name": "PLANO_REGISTRO",
                        "type": "nvarchar"
                    },
                    {
                        "name": "PLANO_DESCRICAO",
                        "type": "nvarchar"
                    },
                    {
                        "name": "REGULAMENTADO",
                        "type": "nvarchar"
                    },
                    {
                        "name": "PLANO_COPARTICIPACAO",
                        "type": "nvarchar"
                    },
                    {
                        "name": "LIMIT_MAX_COPART",
                        "type": "nvarchar"
                    },
                    {
                        "name": "PLANO_ACOMODACAO",
                        "type": "nvarchar"
                    },
                    {
                        "name": "PLANO_ABRANGENCIA",
                        "type": "nvarchar"
                    },
                    {
                        "name": "DEPENDENCIA",
                        "type": "nvarchar"
                    },
                    {
                        "name": "DAT_INCLUSAO",
                        "type": "date"
                    },
                    {
                        "name": "DAT_EXCLUSAO",
                        "type": "date"
                    },
                    {
                        "name": "NOME_MAE",
                        "type": "nvarchar"
                    },
                    {
                        "name": "SEXO",
                        "type": "nvarchar"
                    },
                    {
                        "name": "TIPO_CONTRATO",
                        "type": "nvarchar"
                    },
                    {
                        "name": "TIPO_PESSOA_CONTRATO",
                        "type": "nvarchar"
                    },
                    {
                        "name": "LOGRADOURO",
                        "type": "nvarchar"
                    },
                    {
                        "name": "BAIRRO",
                        "type": "nvarchar"
                    },
                    {
                        "name": "MUNICIPIO",
                        "type": "nvarchar"
                    },
                    {
                        "name": "ESTADO",
                        "type": "nvarchar"
                    },
                    {
                        "name": "CEP",
                        "type": "nvarchar"
                    },
                    {
                        "name": "TIPO_CLIENTE",
                        "type": "nvarchar"
                    },
                    {
                        "name": "CARTAO_NACIONAL_SAUDE",
                        "type": "nvarchar"
                    }
                ],
                "typeProperties": {
                    "schema": "dbo",
                    "table": "dim_beneficiarios"
                }
            },
            "dependsOn": []
        },
        {
            "name": "[concat(parameters('factoryName'), '/DBDimEmpresa')]",
            "type": "Microsoft.DataFactory/factories/datasets",
            "apiVersion": "2018-06-01",
            "properties": {
                "linkedServiceName": {
                    "referenceName": "AzureSqlDatabase1",
                    "type": "LinkedServiceReference"
                },
                "annotations": [],
                "type": "AzureSqlTable",
                "schema": [
                    {
                        "name": "NUM_EMPRESA",
                        "type": "bigint",
                        "precision": 19
                    },
                    {
                        "name": "NOME_EMPRESA",
                        "type": "nvarchar"
                    },
                    {
                        "name": "RAZAO_SOCIAL",
                        "type": "nvarchar"
                    },
                    {
                        "name": "CNPJ",
                        "type": "nvarchar"
                    }
                ],
                "typeProperties": {
                    "schema": "dbo",
                    "table": "DimEmpresa"
                }
            },
            "dependsOn": []
        },
        {
            "name": "[concat(parameters('factoryName'), '/PPLN_Empresas')]",
            "type": "Microsoft.DataFactory/factories/pipelines",
            "apiVersion": "2018-06-01",
            "properties": {
                "activities": [
                    {
                        "name": "Copy_Empresas_CSV_DLK",
                        "type": "Copy",
                        "dependsOn": [],
                        "policy": {
                            "timeout": "7.00:00:00",
                            "retry": 0,
                            "retryIntervalInSeconds": 30,
                            "secureOutput": false,
                            "secureInput": false
                        },
                        "userProperties": [],
                        "typeProperties": {
                            "source": {
                                "type": "DelimitedTextSource",
                                "storeSettings": {
                                    "type": "AzureBlobStorageReadSettings",
                                    "recursive": true
                                },
                                "formatSettings": {
                                    "type": "DelimitedTextReadSettings"
                                }
                            },
                            "sink": {
                                "type": "DelimitedTextSink",
                                "storeSettings": {
                                    "type": "AzureDataLakeStoreWriteSettings"
                                },
                                "formatSettings": {
                                    "type": "DelimitedTextWriteSettings",
                                    "quoteAllText": true,
                                    "fileExtension": ".txt"
                                }
                            },
                            "enableStaging": false,
                            "translator": {
                                "type": "TabularTranslator",
                                "mappings": [
                                    {
                                        "source": {
                                            "name": "NUM_EMPRESA",
                                            "type": "String"
                                        },
                                        "sink": {
                                            "name": "NUM_EMPRESA",
                                            "type": "Int64"
                                        }
                                    },
                                    {
                                        "source": {
                                            "name": "NOME_EMPRESA",
                                            "type": "String"
                                        },
                                        "sink": {
                                            "name": "NOME_EMPRESA",
                                            "type": "String"
                                        }
                                    },
                                    {
                                        "source": {
                                            "name": "RAZAO_SOCIAL",
                                            "type": "String"
                                        },
                                        "sink": {
                                            "name": "RAZAO_SOCIAL",
                                            "type": "String"
                                        }
                                    },
                                    {
                                        "source": {
                                            "name": "CNPJ",
                                            "type": "String"
                                        },
                                        "sink": {
                                            "name": "CNPJ",
                                            "type": "String"
                                        }
                                    }
                                ]
                            }
                        },
                        "inputs": [
                            {
                                "referenceName": "Blob_empresas_csv",
                                "type": "DatasetReference",
                                "parameters": {}
                            }
                        ],
                        "outputs": [
                            {
                                "referenceName": "DLK_Dim_Empresas",
                                "type": "DatasetReference",
                                "parameters": {}
                            }
                        ]
                    },
                    {
                        "name": "Copy_Empresas_DLK_DB",
                        "description": "Load External table to db table",
                        "type": "Copy",
                        "dependsOn": [
                            {
                                "activity": "Copy_Empresas_CSV_DLK",
                                "dependencyConditions": [
                                    "Succeeded"
                                ]
                            }
                        ],
                        "policy": {
                            "timeout": "7.00:00:00",
                            "retry": 0,
                            "retryIntervalInSeconds": 30,
                            "secureOutput": false,
                            "secureInput": false
                        },
                        "userProperties": [],
                        "typeProperties": {
                            "source": {
                                "type": "DelimitedTextSource",
                                "storeSettings": {
                                    "type": "AzureDataLakeStoreReadSettings",
                                    "recursive": true
                                },
                                "formatSettings": {
                                    "type": "DelimitedTextReadSettings"
                                }
                            },
                            "sink": {
                                "type": "AzureSqlSink"
                            },
                            "enableStaging": false,
                            "translator": {
                                "type": "TabularTranslator",
                                "mappings": [
                                    {
                                        "source": {
                                            "name": "NUM_EMPRESA",
                                            "type": "String"
                                        },
                                        "sink": {
                                            "name": "NUM_EMPRESA",
                                            "type": "Int64"
                                        }
                                    },
                                    {
                                        "source": {
                                            "name": "NOME_EMPRESA",
                                            "type": "String"
                                        },
                                        "sink": {
                                            "name": "NOME_EMPRESA",
                                            "type": "String"
                                        }
                                    },
                                    {
                                        "source": {
                                            "name": "RAZAO_SOCIAL",
                                            "type": "String"
                                        },
                                        "sink": {
                                            "name": "RAZAO_SOCIAL",
                                            "type": "String"
                                        }
                                    },
                                    {
                                        "source": {
                                            "name": "CNPJ",
                                            "type": "String"
                                        },
                                        "sink": {
                                            "name": "CNPJ",
                                            "type": "String"
                                        }
                                    }
                                ]
                            }
                        },
                        "inputs": [
                            {
                                "referenceName": "DLK_Dim_Empresas",
                                "type": "DatasetReference",
                                "parameters": {}
                            }
                        ],
                        "outputs": [
                            {
                                "referenceName": "DBDimEmpresa",
                                "type": "DatasetReference",
                                "parameters": {}
                            }
                        ]
                    }
                ],
                "annotations": []
            },
            "dependsOn": [
                "[concat(variables('factoryId'), '/datasets/DBDimEmpresa')]"
            ]
        },
        {
            "name": "[concat(parameters('factoryName'), '/dataflow1')]",
            "type": "Microsoft.DataFactory/factories/dataflows",
            "apiVersion": "2018-06-01",
            "properties": {
                "type": "MappingDataFlow",
                "typeProperties": {
                    "sources": [
                        {
                            "dataset": {
                                "referenceName": "Blob_Prestadores_csv",
                                "type": "DatasetReference"
                            },
                            "name": "csv001prestador",
                            "typeProperties": {}
                        }
                    ],
                    "sinks": [
                        {
                            "dataset": {
                                "referenceName": "DLK_Dim_Prestadores_csv",
                                "type": "DatasetReference"
                            },
                            "name": "dlk001prestador"
                        }
                    ],
                    "transformations": [
                        {
                            "name": "transform001"
                        }
                    ],
                    "script": "\n\nsource(output(\n\t\tCOD_PRESTADOR as string,\n\t\tNOME_FANTASIA as string,\n\t\tNOME_COMPLETO as string,\n\t\tCOD_CRM as string,\n\t\tUF_CRM as string,\n\t\tDAT_NASCIMENTO as string,\n\t\tNUM_CPF as string,\n\t\tNUM_CNPJ as string,\n\t\tTIPO_PRESTADOR as string,\n\t\tGRUPO_PRESTADOR as string,\n\t\tSITUACAO as string,\n\t\tDESC_ESPECIALIDADE as string,\n\t\tESPECIALIDADE_PRINCIPAL as string,\n\t\tIND_GUIA_MEDICO as string,\n\t\tDESC_AREA_ATUACAO as string,\n\t\tAREA_ATUACAO_PRINCIPAL as string,\n\t\tTIPO_ENDERECO as string,\n\t\tFINALIDADE_ENDERECO as string,\n\t\tLOGRADOURO as string,\n\t\tNUMERO as string,\n\t\tCOMPLEMENTO as string,\n\t\tBAIRRO as string,\n\t\tCIDADE as string,\n\t\tESTADO as string,\n\t\tCEP as string,\n\t\tEND_NR_LATITUDE as string,\n\t\tEND_NR_LONGITUDE as string,\n\t\tIMPRIMIR_GUIA_MEDICO as string,\n\t\tCON_NRO_TEL as string,\n\t\tCON_NRO_FAX as string,\n\t\tCON_NRO_CEL as string,\n\t\tCON_DES_EMAIL as string,\n\t\tCNAES as string\n\t),\n\tallowSchemaDrift: true,\n\tvalidateSchema: false,\n\tdateFormats: ['dd/MM/yyyy']) ~> csv001prestador\ncsv001prestador derive(DAT_NASCIMENTO = toDate(DAT_NASCIMENTO, 'dd/MM/yyyy')) ~> transform001\ntransform001 sink(allowSchemaDrift: true,\n\tvalidateSchema: false,\n\tdateFormat:'dd/MM/yyyy') ~> dlk001prestador"
                }
            },
            "dependsOn": []
        },
        {
            "name": "[concat(parameters('factoryName'), '/dataflow2')]",
            "type": "Microsoft.DataFactory/factories/dataflows",
            "apiVersion": "2018-06-01",
            "properties": {
                "type": "MappingDataFlow",
                "typeProperties": {
                    "sources": [
                        {
                            "dataset": {
                                "referenceName": "DLK_Dim_Prestadores_csv",
                                "type": "DatasetReference"
                            },
                            "name": "dlk001Prestador",
                            "typeProperties": {}
                        }
                    ],
                    "sinks": [
                        {
                            "dataset": {
                                "referenceName": "SQL_DW_DimPrestador",
                                "type": "DatasetReference"
                            },
                            "name": "dw001Prestador"
                        }
                    ],
                    "transformations": [
                        {
                            "name": "transform001"
                        }
                    ],
                    "script": "\n\nsource(output(\n\t\tCOD_PRESTADOR as string,\n\t\tNOME_FANTASIA as string,\n\t\tNOME_COMPLETO as string,\n\t\tCOD_CRM as string,\n\t\tUF_CRM as string,\n\t\tDAT_NASCIMENTO as string,\n\t\tNUM_CPF as string,\n\t\tNUM_CNPJ as string,\n\t\tTIPO_PRESTADOR as string,\n\t\tGRUPO_PRESTADOR as string,\n\t\tSITUACAO as string,\n\t\tDESC_ESPECIALIDADE as string,\n\t\tESPECIALIDADE_PRINCIPAL as string,\n\t\tIND_GUIA_MEDICO as string,\n\t\tDESC_AREA_ATUACAO as string,\n\t\tAREA_ATUACAO_PRINCIPAL as string,\n\t\tTIPO_ENDERECO as string,\n\t\tFINALIDADE_ENDERECO as string,\n\t\tLOGRADOURO as string,\n\t\tNUMERO as string,\n\t\tCOMPLEMENTO as string,\n\t\tBAIRRO as string,\n\t\tCIDADE as string,\n\t\tESTADO as string,\n\t\tCEP as string,\n\t\tEND_NR_LATITUDE as string,\n\t\tEND_NR_LONGITUDE as string,\n\t\tIMPRIMIR_GUIA_MEDICO as string,\n\t\tCON_NRO_TEL as string,\n\t\tCON_NRO_FAX as string,\n\t\tCON_NRO_CEL as string,\n\t\tCON_DES_EMAIL as string,\n\t\tCNAES as string\n\t),\n\tallowSchemaDrift: true,\n\tvalidateSchema: false) ~> dlk001Prestador\ndlk001Prestador derive(DAT_NASCIMENTO = iif( or((DAT_NASCIMENTO == '28/12/0019'), isNull(DAT_NASCIMENTO) ), toDate('01/01/1950', 'dd/MM/yyyy'), toDate(DAT_NASCIMENTO, 'dd/MM/yyyy') )) ~> transform001\ntransform001 sink(input(\n\t\tCOD_PRESTADOR as long,\n\t\tNOME_FANTASIA as string,\n\t\tNOME_COMPLETO as string,\n\t\tCOD_CRM as string,\n\t\tUF_CRM as string,\n\t\tDAT_NASCIMENTO as date,\n\t\tNUM_CPF as string,\n\t\tNUM_CNPJ as string,\n\t\tTIPO_PRESTADOR as string,\n\t\tGRUPO_PRESTADOR as string,\n\t\tSITUACAO as string,\n\t\tDESC_ESPECIALIDADE as string,\n\t\tESPECIALIDADE_PRINCIPAL as string,\n\t\tIND_GUIA_MEDICO as string,\n\t\tDESC_AREA_ATUACAO as string,\n\t\tAREA_ATUACAO_PRINCIPAL as string,\n\t\tTIPO_ENDERECO as string,\n\t\tFINALIDADE_ENDERECO as string,\n\t\tLOGRADOURO as string,\n\t\tNUMERO as string,\n\t\tCOMPLEMENTO as string,\n\t\tBAIRRO as string,\n\t\tCIDADE as string,\n\t\tESTADO as string,\n\t\tCEP as string,\n\t\tEND_NR_LATITUDE as string,\n\t\tEND_NR_LONGITUDE as string,\n\t\tIMPRIMIR_GUIA_MEDICO as string,\n\t\tCON_NRO_TEL as string,\n\t\tCON_NRO_FAX as string,\n\t\tCON_NRO_CEL as string,\n\t\tCON_DES_EMAIL as string,\n\t\tCNAES as string\n\t),\n\tallowSchemaDrift: true,\n\tvalidateSchema: false,\n\tdeletable:false,\n\tinsertable:true,\n\tupdateable:false,\n\tupsertable:false,\n\tformat: 'table',\n\tstaged: false,\n\tmapColumn(\n\t\tCOD_PRESTADOR,\n\t\tNOME_FANTASIA,\n\t\tNOME_COMPLETO,\n\t\tCOD_CRM,\n\t\tUF_CRM,\n\t\tDAT_NASCIMENTO,\n\t\tNUM_CPF,\n\t\tNUM_CNPJ,\n\t\tTIPO_PRESTADOR,\n\t\tGRUPO_PRESTADOR,\n\t\tSITUACAO,\n\t\tDESC_ESPECIALIDADE,\n\t\tESPECIALIDADE_PRINCIPAL,\n\t\tIND_GUIA_MEDICO,\n\t\tDESC_AREA_ATUACAO,\n\t\tAREA_ATUACAO_PRINCIPAL,\n\t\tTIPO_ENDERECO,\n\t\tFINALIDADE_ENDERECO,\n\t\tLOGRADOURO,\n\t\tNUMERO,\n\t\tCOMPLEMENTO,\n\t\tBAIRRO,\n\t\tCIDADE,\n\t\tESTADO,\n\t\tCEP,\n\t\tEND_NR_LATITUDE,\n\t\tEND_NR_LONGITUDE,\n\t\tIMPRIMIR_GUIA_MEDICO,\n\t\tCON_NRO_TEL,\n\t\tCON_NRO_FAX,\n\t\tCON_NRO_CEL,\n\t\tCON_DES_EMAIL,\n\t\tCNAES\n\t),\n\tdateFormat:'dd/MM/yyyy') ~> dw001Prestador"
                }
            },
            "dependsOn": []
        },
        {
            "name": "[concat(parameters('factoryName'), '/dflow03Prestador')]",
            "type": "Microsoft.DataFactory/factories/dataflows",
            "apiVersion": "2018-06-01",
            "properties": {
                "type": "MappingDataFlow",
                "typeProperties": {
                    "sources": [
                        {
                            "dataset": {
                                "referenceName": "Blob_Prestadores_csv",
                                "type": "DatasetReference"
                            },
                            "name": "source1",
                            "typeProperties": {}
                        }
                    ],
                    "sinks": [
                        {
                            "dataset": {
                                "referenceName": "SQLDB_DimpPrestador",
                                "type": "DatasetReference"
                            },
                            "name": "sink1"
                        }
                    ],
                    "transformations": [
                        {
                            "name": "DerivedColumn1"
                        }
                    ],
                    "script": "\n\nsource(output(\n\t\tCOD_PRESTADOR as string,\n\t\tNOME_FANTASIA as string,\n\t\tNOME_COMPLETO as string,\n\t\tCOD_CRM as string,\n\t\tUF_CRM as string,\n\t\tDAT_NASCIMENTO as string,\n\t\tNUM_CPF as string,\n\t\tNUM_CNPJ as string,\n\t\tTIPO_PRESTADOR as string,\n\t\tGRUPO_PRESTADOR as string,\n\t\tSITUACAO as string,\n\t\tDESC_ESPECIALIDADE as string,\n\t\tESPECIALIDADE_PRINCIPAL as string,\n\t\tIND_GUIA_MEDICO as string,\n\t\tDESC_AREA_ATUACAO as string,\n\t\tAREA_ATUACAO_PRINCIPAL as string,\n\t\tTIPO_ENDERECO as string,\n\t\tFINALIDADE_ENDERECO as string,\n\t\tLOGRADOURO as string,\n\t\tNUMERO as string,\n\t\tCOMPLEMENTO as string,\n\t\tBAIRRO as string,\n\t\tCIDADE as string,\n\t\tESTADO as string,\n\t\tCEP as string,\n\t\tEND_NR_LATITUDE as string,\n\t\tEND_NR_LONGITUDE as string,\n\t\tIMPRIMIR_GUIA_MEDICO as string,\n\t\tCON_NRO_TEL as string,\n\t\tCON_NRO_FAX as string,\n\t\tCON_NRO_CEL as string,\n\t\tCON_DES_EMAIL as string,\n\t\tCNAES as string\n\t),\n\tallowSchemaDrift: true,\n\tvalidateSchema: false) ~> source1\nsource1 derive(DAT_NASCIMENTO_v2 = iif( isNull(DAT_NASCIMENTO), toDate('01/01/1950', 'dd/MM/yyyy'), toDate(DAT_NASCIMENTO, 'dd/MM/yyyy') )) ~> DerivedColumn1\nDerivedColumn1 sink(input(\n\t\tCOD_PRESTADOR as long,\n\t\tNOME_FANTASIA as string,\n\t\tNOME_COMPLETO as string,\n\t\tCOD_CRM as string,\n\t\tUF_CRM as string,\n\t\tDAT_NASCIMENTO as date,\n\t\tCON_NRO_CEL as string,\n\t\tCON_DES_EMAIL as string,\n\t\tCNAES as string,\n\t\tCEP as string,\n\t\tEND_NR_LATITUDE as string,\n\t\tEND_NR_LONGITUDE as string,\n\t\tIMPRIMIR_GUIA_MEDICO as string,\n\t\tCON_NRO_TEL as string,\n\t\tCON_NRO_FAX as string,\n\t\tLOGRADOURO as string,\n\t\tNUMERO as string,\n\t\tCOMPLEMENTO as string,\n\t\tBAIRRO as string,\n\t\tCIDADE as string,\n\t\tESTADO as string,\n\t\tESPECIALIDADE_PRINCIPAL as string,\n\t\tIND_GUIA_MEDICO as string,\n\t\tDESC_AREA_ATUACAO as string,\n\t\tAREA_ATUACAO_PRINCIPAL as string,\n\t\tTIPO_ENDERECO as string,\n\t\tFINALIDADE_ENDERECO as string,\n\t\tNUM_CPF as string,\n\t\tNUM_CNPJ as string,\n\t\tTIPO_PRESTADOR as string,\n\t\tGRUPO_PRESTADOR as string,\n\t\tSITUACAO as string,\n\t\tDESC_ESPECIALIDADE as string\n\t),\n\tallowSchemaDrift: true,\n\tvalidateSchema: false,\n\tdeletable:false,\n\tinsertable:true,\n\tupdateable:false,\n\tupsertable:false,\n\tformat: 'table',\n\tdateFormat:'yyyy-MM-dd') ~> sink1"
                }
            },
            "dependsOn": []
        },
        {
            "name": "[concat(parameters('factoryName'), '/dflow_custos')]",
            "type": "Microsoft.DataFactory/factories/dataflows",
            "apiVersion": "2018-06-01",
            "properties": {
                "type": "MappingDataFlow",
                "typeProperties": {
                    "sources": [
                        {
                            "dataset": {
                                "referenceName": "DLK_Fact_Custos",
                                "type": "DatasetReference"
                            },
                            "name": "SrcDlkCustos",
                            "typeProperties": {}
                        }
                    ],
                    "sinks": [
                        {
                            "dataset": {
                                "referenceName": "SqlDBFactCustosAgg",
                                "type": "DatasetReference"
                            },
                            "name": "sinkDBFactCustos"
                        }
                    ],
                    "transformations": [
                        {
                            "name": "agg1"
                        },
                        {
                            "name": "deriv"
                        }
                    ],
                    "script": "\n\nsource(output(\n\t\tCODIGO_BENEFICIARIO as string,\n\t\tCOMPETENCIA as string,\n\t\tNUM_GUIA as string,\n\t\tNUM_GUIA_PRINCIPAL as string,\n\t\tDATA_EXECUCAO as string,\n\t\tCID_COD as string,\n\t\tDATA_INICIO_INTERNACAO as string,\n\t\tDATA_FIM_INTERNACAO as string,\n\t\tCOD_SOLICITANTE as string,\n\t\tCOD_PREST_EXECUTANTE as string,\n\t\tCOD_LOCAL_ATENDIMENTO as string,\n\t\tCOD_CAPA_UNICO as string,\n\t\tCOD_PREST_PAGAMENTO as string,\n\t\tCODIGO_SERVICO as string,\n\t\tTIPO_SERVICO as string,\n\t\tQUANTIDADE as string,\n\t\tQTD_UNICA as string,\n\t\tVAL_TOTAL as string,\n\t\tVAL_HM as string,\n\t\tVAL_CO as string,\n\t\tVAL_FILME as string,\n\t\tVAL_BASE_PGTO as string,\n\t\tVAL_BASE_HM as string,\n\t\tVAL_BASE_CO as string,\n\t\tVAL_BASE_FILME as string,\n\t\tVALOR_FATURADO as string,\n\t\tIND_INTERNACAO as string,\n\t\tPARTICIPA_PREST as string,\n\t\tTIPO_LCTO as string,\n\t\tTIPO_ATENDIMENTO as string,\n\t\tTIPO_GUIA as string,\n\t\tTIPO_INTERNACAO as string,\n\t\tTIPO_ACOMODACAO as string,\n\t\tINDICACAO_CLINICA as string\n\t),\n\tallowSchemaDrift: true,\n\tvalidateSchema: false,\n\tlimit: 100000) ~> SrcDlkCustos\nSrcDlkCustos aggregate(groupBy(CODIGO_BENEFICIARIO,\n\t\tCOMPETENCIA,\n\t\tNUM_GUIA,\n\t\tDATA_EXECUCAO,\n\t\tCOD_SOLICITANTE,\n\t\tCOD_PREST_EXECUTANTE,\n\t\tCOD_LOCAL_ATENDIMENTO,\n\t\tCODIGO_SERVICO,\n\t\tTIPO_SERVICO),\n\tSUM_QUANTIDADE = sum(toInteger(QUANTIDADE)),\n\t\tSUM_VAL_TOTAL = sum(toDouble(VAL_TOTAL, '###,##')),\n\t\tVAL_BASE_PGTO = sum(toDouble(VAL_BASE_PGTO, '###,##')),\n\t\tSUM_VALOR_FATURADO = sum(toDouble(VALOR_FATURADO, '###,##'))) ~> agg1\nagg1 derive(DT_COMPETENCIA = toDate(COMPETENCIA, 'yyyyMM'),\n\t\tDT_DATA_EXECUCAO = iif( isNull(DATA_EXECUCAO), toDate('01/01/2019', 'dd/MM/yyyy'), toDate(DATA_EXECUCAO, 'dd/MM/yyyy') ),\n\t\tCOD_SOLICITANTE = coalesce(COD_SOLICITANTE, 'NA'),\n\t\tCOD_PREST_EXECUTANTE = coalesce(COD_PREST_EXECUTANTE, 'NA'),\n\t\tCOD_LOCAL_ATENDIMENTO = coalesce(COD_LOCAL_ATENDIMENTO, 'NA')) ~> deriv\nderiv sink(input(\n\t\tCODIGO_BENEFICIARIO as string,\n\t\tCOMPETENCIA as date,\n\t\tNUM_GUIA as string,\n\t\tDATA_EXECUCAO as date,\n\t\tCOD_SOLICITANTE as string,\n\t\tCOD_PREST_EXECUTANTE as string,\n\t\tCOD_LOCAL_ATENDIMENTO as string,\n\t\tCODIGO_SERVICO as string,\n\t\tTIPO_SERVICO as string,\n\t\tQUANTIDADE as integer,\n\t\tVAL_TOTAL as decimal(12,2),\n\t\tVAL_BASE_PGTO as decimal(12,2),\n\t\tVALOR_FATURADO as decimal(12,2)\n\t),\n\tallowSchemaDrift: true,\n\tvalidateSchema: false,\n\tdeletable:false,\n\tinsertable:true,\n\tupdateable:false,\n\tupsertable:false,\n\tformat: 'table',\n\tbatchSize: 10000,\n\tmapColumn(\n\t\tCODIGO_BENEFICIARIO,\n\t\tCOMPETENCIA = DT_COMPETENCIA,\n\t\tNUM_GUIA,\n\t\tDATA_EXECUCAO = DT_DATA_EXECUCAO,\n\t\tCOD_SOLICITANTE,\n\t\tCOD_PREST_EXECUTANTE,\n\t\tCOD_LOCAL_ATENDIMENTO = {deriv@COD_LOCAL_ATENDIMENTO},\n\t\tCODIGO_SERVICO,\n\t\tTIPO_SERVICO,\n\t\tQUANTIDADE = SUM_QUANTIDADE,\n\t\tVAL_TOTAL = SUM_VAL_TOTAL,\n\t\tVAL_BASE_PGTO,\n\t\tVALOR_FATURADO = SUM_VALOR_FATURADO\n\t)) ~> sinkDBFactCustos"
                }
            },
            "dependsOn": []
        },
        {
            "name": "[concat(parameters('factoryName'), '/dflow_beneficiario')]",
            "type": "Microsoft.DataFactory/factories/dataflows",
            "apiVersion": "2018-06-01",
            "properties": {
                "type": "MappingDataFlow",
                "typeProperties": {
                    "sources": [
                        {
                            "dataset": {
                                "referenceName": "DLK_Dim_Beneficiarios",
                                "type": "DatasetReference"
                            },
                            "name": "SrcDimBenef",
                            "typeProperties": {}
                        }
                    ],
                    "sinks": [
                        {
                            "dataset": {
                                "referenceName": "DBSQLDimBenef",
                                "type": "DatasetReference"
                            },
                            "name": "SinkDBDimBenef"
                        }
                    ],
                    "transformations": [
                        {
                            "name": "DerivedColumn1"
                        }
                    ],
                    "script": "\n\nsource(output(\n\t\tCOD_PESSOA as string,\n\t\tCODIGO_BENEFICIARIO as string,\n\t\tCOD_BENEF_TITULAR as string,\n\t\tNUM_EMPRESA as string,\n\t\tNOME_INTERNO as string,\n\t\tNOME_BENEFICIARIO as string,\n\t\tNUM_CPF as string,\n\t\tDAT_NASCIMENTO as string,\n\t\tPLANO_REGISTRO as string,\n\t\tPLANO_DESCRICAO as string,\n\t\tREGULAMENTADO as string,\n\t\tPLANO_COPARTICIPACAO as string,\n\t\tLIMIT_MAX_COPART as string,\n\t\tPLANO_ACOMODACAO as string,\n\t\tPLANO_ABRANGENCIA as string,\n\t\tDEPENDENCIA as string,\n\t\tDAT_INCLUSAO as string,\n\t\tDAT_EXCLUSAO as string,\n\t\tNOME_MAE as string,\n\t\tSEXO as string,\n\t\tTIPO_CONTRATO as string,\n\t\tTIPO_PESSOA_CONTRATO as string,\n\t\tLOGRADOURO as string,\n\t\tBAIRRO as string,\n\t\tMUNICIPIO as string,\n\t\tESTADO as string,\n\t\tCEP as string,\n\t\tTIPO_CLIENTE as string,\n\t\tCARTAO_NACIONAL_SAUDE as string\n\t),\n\tallowSchemaDrift: true,\n\tvalidateSchema: false) ~> SrcDimBenef\nSrcDimBenef derive(DAT_NASCIMENTO = iif( isNull(DAT_NASCIMENTO), toDate('01/01/2019', 'dd/MM/yyyy'), toDate(DAT_NASCIMENTO, 'dd/MM/yyyy')),\n\t\tDAT_INCLUSAO = iif( isNull(DAT_INCLUSAO), toDate('01/01/1950', 'dd/MM/yyyy'), toDate(DAT_INCLUSAO, 'dd/MM/yyyy')),\n\t\tDAT_EXCLUSAO = iif( isNull(DAT_EXCLUSAO), toDate('01/01/1950', 'dd/MM/yyyy'), toDate(DAT_EXCLUSAO, 'dd/MM/yyyy'))) ~> DerivedColumn1\nDerivedColumn1 sink(input(\n\t\tCOD_PESSOA as long,\n\t\tCODIGO_BENEFICIARIO as string,\n\t\tCOD_BENEF_TITULAR as string,\n\t\tNUM_EMPRESA as long,\n\t\tNOME_INTERNO as string,\n\t\tNOME_BENEFICIARIO as string,\n\t\tNUM_CPF as string,\n\t\tDAT_NASCIMENTO as date,\n\t\tPLANO_REGISTRO as string,\n\t\tPLANO_DESCRICAO as string,\n\t\tREGULAMENTADO as string,\n\t\tPLANO_COPARTICIPACAO as string,\n\t\tLIMIT_MAX_COPART as string,\n\t\tPLANO_ACOMODACAO as string,\n\t\tPLANO_ABRANGENCIA as string,\n\t\tDEPENDENCIA as string,\n\t\tDAT_INCLUSAO as date,\n\t\tDAT_EXCLUSAO as date,\n\t\tNOME_MAE as string,\n\t\tSEXO as string,\n\t\tTIPO_CONTRATO as string,\n\t\tTIPO_PESSOA_CONTRATO as string,\n\t\tLOGRADOURO as string,\n\t\tBAIRRO as string,\n\t\tMUNICIPIO as string,\n\t\tESTADO as string,\n\t\tCEP as string,\n\t\tTIPO_CLIENTE as string,\n\t\tCARTAO_NACIONAL_SAUDE as string\n\t),\n\tallowSchemaDrift: true,\n\tvalidateSchema: false,\n\tdeletable:false,\n\tinsertable:true,\n\tupdateable:false,\n\tupsertable:false,\n\tformat: 'table',\n\tmapColumn(\n\t\tCOD_PESSOA,\n\t\tCODIGO_BENEFICIARIO,\n\t\tCOD_BENEF_TITULAR,\n\t\tNUM_EMPRESA,\n\t\tNOME_INTERNO,\n\t\tNOME_BENEFICIARIO,\n\t\tNUM_CPF,\n\t\tDAT_NASCIMENTO,\n\t\tPLANO_REGISTRO,\n\t\tPLANO_DESCRICAO,\n\t\tREGULAMENTADO,\n\t\tPLANO_COPARTICIPACAO,\n\t\tLIMIT_MAX_COPART,\n\t\tPLANO_ACOMODACAO,\n\t\tPLANO_ABRANGENCIA,\n\t\tDEPENDENCIA,\n\t\tDAT_INCLUSAO,\n\t\tDAT_EXCLUSAO,\n\t\tNOME_MAE,\n\t\tSEXO,\n\t\tTIPO_CONTRATO,\n\t\tTIPO_PESSOA_CONTRATO,\n\t\tLOGRADOURO,\n\t\tBAIRRO,\n\t\tMUNICIPIO,\n\t\tESTADO,\n\t\tCEP,\n\t\tTIPO_CLIENTE,\n\t\tCARTAO_NACIONAL_SAUDE\n\t)) ~> SinkDBDimBenef"
                }
            },
            "dependsOn": [
                "[concat(variables('factoryId'), '/datasets/DBSQLDimBenef')]"
            ]
        },
        {
            "name": "[concat(parameters('factoryName'), '/PPLN_Custos_01')]",
            "type": "Microsoft.DataFactory/factories/pipelines",
            "apiVersion": "2018-06-01",
            "properties": {
                "activities": [
                    {
                        "name": "Copy_Custos",
                        "type": "Copy",
                        "dependsOn": [],
                        "policy": {
                            "timeout": "7.00:00:00",
                            "retry": 0,
                            "retryIntervalInSeconds": 30,
                            "secureOutput": false,
                            "secureInput": false
                        },
                        "userProperties": [
                            {
                                "name": "Source",
                                "value": "blob-opsaude-01//custos2019-50.csv"
                            },
                            {
                                "name": "Destination",
                                "value": "dimCustos/dlk_custos.csv"
                            }
                        ],
                        "typeProperties": {
                            "source": {
                                "type": "DelimitedTextSource",
                                "storeSettings": {
                                    "type": "AzureBlobStorageReadSettings",
                                    "recursive": true
                                },
                                "formatSettings": {
                                    "type": "DelimitedTextReadSettings",
                                    "skipLineCount": 0
                                }
                            },
                            "sink": {
                                "type": "DelimitedTextSink",
                                "storeSettings": {
                                    "type": "AzureDataLakeStoreWriteSettings"
                                },
                                "formatSettings": {
                                    "type": "DelimitedTextWriteSettings",
                                    "quoteAllText": true,
                                    "fileExtension": ".txt"
                                }
                            },
                            "enableStaging": false,
                            "enableSkipIncompatibleRow": true,
                            "redirectIncompatibleRowSettings": {
                                "linkedServiceName": {
                                    "referenceName": "AzureDataLakeStore1",
                                    "type": "LinkedServiceReference"
                                },
                                "path": "dimCustos"
                            }
                        },
                        "inputs": [
                            {
                                "referenceName": "Blob_Custos_csv",
                                "type": "DatasetReference",
                                "parameters": {}
                            }
                        ],
                        "outputs": [
                            {
                                "referenceName": "DLK_Fact_Custos",
                                "type": "DatasetReference",
                                "parameters": {}
                            }
                        ]
                    },
                    {
                        "name": "dflow_custos",
                        "type": "ExecuteDataFlow",
                        "dependsOn": [
                            {
                                "activity": "Copy_Custos",
                                "dependencyConditions": [
                                    "Succeeded"
                                ]
                            }
                        ],
                        "policy": {
                            "timeout": "7.00:00:00",
                            "retry": 0,
                            "retryIntervalInSeconds": 30,
                            "secureOutput": false,
                            "secureInput": false
                        },
                        "userProperties": [],
                        "typeProperties": {
                            "dataflow": {
                                "referenceName": "dflow_custos",
                                "type": "DataFlowReference",
                                "parameters": {},
                                "datasetParameters": {
                                    "SrcDlkCustos": {},
                                    "sinkDBFactCustos": {}
                                }
                            },
                            "staging": {},
                            "enableSkipIncompatibleRow": true
                        }
                    }
                ],
                "annotations": []
            },
            "dependsOn": [
                "[concat(variables('factoryId'), '/dataflows/dflow_custos')]"
            ]
        },
        {
            "name": "[concat(parameters('factoryName'), '/PPLN_Beneficiarios')]",
            "type": "Microsoft.DataFactory/factories/pipelines",
            "apiVersion": "2018-06-01",
            "properties": {
                "activities": [
                    {
                        "name": "Copy_Beneficiarios",
                        "type": "Copy",
                        "dependsOn": [],
                        "policy": {
                            "timeout": "7.00:00:00",
                            "retry": 0,
                            "retryIntervalInSeconds": 30,
                            "secureOutput": false,
                            "secureInput": false
                        },
                        "userProperties": [
                            {
                                "name": "Source",
                                "value": "blob-opsaude-01//beneficiarios.csv"
                            },
                            {
                                "name": "Destination",
                                "value": "dimBeneficiarios/dlk001_beneficiarios.csv"
                            }
                        ],
                        "typeProperties": {
                            "source": {
                                "type": "DelimitedTextSource",
                                "storeSettings": {
                                    "type": "AzureBlobStorageReadSettings",
                                    "recursive": true
                                },
                                "formatSettings": {
                                    "type": "DelimitedTextReadSettings",
                                    "skipLineCount": 0
                                }
                            },
                            "sink": {
                                "type": "DelimitedTextSink",
                                "storeSettings": {
                                    "type": "AzureDataLakeStoreWriteSettings"
                                },
                                "formatSettings": {
                                    "type": "DelimitedTextWriteSettings",
                                    "quoteAllText": true,
                                    "fileExtension": ".txt"
                                }
                            },
                            "enableStaging": false,
                            "enableSkipIncompatibleRow": true,
                            "redirectIncompatibleRowSettings": {
                                "linkedServiceName": {
                                    "referenceName": "AzureDataLakeStore1",
                                    "type": "LinkedServiceReference"
                                },
                                "path": "dimBeneficiarios"
                            }
                        },
                        "inputs": [
                            {
                                "referenceName": "Blob_Beneficiarios_csv",
                                "type": "DatasetReference",
                                "parameters": {}
                            }
                        ],
                        "outputs": [
                            {
                                "referenceName": "DLK_Dim_Beneficiarios",
                                "type": "DatasetReference",
                                "parameters": {}
                            }
                        ]
                    },
                    {
                        "name": "dflow_beneficiario",
                        "type": "ExecuteDataFlow",
                        "dependsOn": [
                            {
                                "activity": "Copy_Beneficiarios",
                                "dependencyConditions": [
                                    "Succeeded"
                                ]
                            }
                        ],
                        "policy": {
                            "timeout": "7.00:00:00",
                            "retry": 0,
                            "retryIntervalInSeconds": 30,
                            "secureOutput": false,
                            "secureInput": false
                        },
                        "userProperties": [],
                        "typeProperties": {
                            "dataflow": {
                                "referenceName": "dflow_beneficiario",
                                "type": "DataFlowReference",
                                "parameters": {},
                                "datasetParameters": {
                                    "SrcDimBenef": {},
                                    "SinkDBDimBenef": {}
                                }
                            },
                            "staging": {}
                        }
                    }
                ],
                "annotations": []
            },
            "dependsOn": [
                "[concat(variables('factoryId'), '/dataflows/dflow_beneficiario')]"
            ]
        },
        {
            "name": "[concat(parameters('factoryName'), '/PPLN_Prestador')]",
            "type": "Microsoft.DataFactory/factories/pipelines",
            "apiVersion": "2018-06-01",
            "properties": {
                "activities": [
                    {
                        "name": "dflow_Prestador",
                        "type": "ExecuteDataFlow",
                        "dependsOn": [],
                        "policy": {
                            "timeout": "0.00:20:00",
                            "retry": 0,
                            "retryIntervalInSeconds": 30,
                            "secureOutput": false,
                            "secureInput": false
                        },
                        "userProperties": [],
                        "typeProperties": {
                            "dataflow": {
                                "referenceName": "dflow03Prestador",
                                "type": "DataFlowReference",
                                "parameters": {},
                                "datasetParameters": {
                                    "source1": {},
                                    "sink1": {}
                                }
                            },
                            "staging": {}
                        }
                    }
                ],
                "annotations": []
            },
            "dependsOn": [
                "[concat(variables('factoryId'), '/dataflows/dflow03Prestador')]"
            ]
        },
        {
            "name": "[concat(parameters('factoryName'), '/PPLN_01_OP_SAUDE_MAIN')]",
            "type": "Microsoft.DataFactory/factories/pipelines",
            "apiVersion": "2018-06-01",
            "properties": {
                "description": "Pipeline Operadoras Saude",
                "activities": [
                    {
                        "name": "Exec_PPLN_Benef",
                        "type": "ExecutePipeline",
                        "dependsOn": [
                            {
                                "activity": "Exec_PPLN_Prestador",
                                "dependencyConditions": [
                                    "Succeeded"
                                ]
                            }
                        ],
                        "userProperties": [],
                        "typeProperties": {
                            "pipeline": {
                                "referenceName": "PPLN_Beneficiarios",
                                "type": "PipelineReference"
                            },
                            "waitOnCompletion": true,
                            "parameters": {}
                        }
                    },
                    {
                        "name": "Exec_PPLN_Prestador",
                        "type": "ExecutePipeline",
                        "dependsOn": [
                            {
                                "activity": "Exec_PPLN_Empresas",
                                "dependencyConditions": [
                                    "Succeeded"
                                ]
                            }
                        ],
                        "userProperties": [],
                        "typeProperties": {
                            "pipeline": {
                                "referenceName": "PPLN_Prestador",
                                "type": "PipelineReference"
                            },
                            "waitOnCompletion": true,
                            "parameters": {}
                        }
                    },
                    {
                        "name": "Exec_PPLN_Empresas",
                        "type": "ExecutePipeline",
                        "dependsOn": [],
                        "userProperties": [],
                        "typeProperties": {
                            "pipeline": {
                                "referenceName": "PPLN_Empresas",
                                "type": "PipelineReference"
                            },
                            "waitOnCompletion": true,
                            "parameters": {}
                        }
                    },
                    {
                        "name": "Execute Exec_PPLN_Custos",
                        "type": "ExecutePipeline",
                        "dependsOn": [
                            {
                                "activity": "Exec_PPLN_Benef",
                                "dependencyConditions": [
                                    "Succeeded"
                                ]
                            }
                        ],
                        "userProperties": [],
                        "typeProperties": {
                            "pipeline": {
                                "referenceName": "PPLN_Custos_01",
                                "type": "PipelineReference"
                            },
                            "waitOnCompletion": true,
                            "parameters": {}
                        }
                    }
                ],
                "annotations": []
            },
            "dependsOn": [
                "[concat(variables('factoryId'), '/pipelines/PPLN_Beneficiarios')]",
                "[concat(variables('factoryId'), '/pipelines/PPLN_Prestador')]",
                "[concat(variables('factoryId'), '/pipelines/PPLN_Empresas')]",
                "[concat(variables('factoryId'), '/pipelines/PPLN_Custos_01')]"
            ]
        }
    ]
}