{
    "$schema": "http://schema.management.azure.com/schemas/2015-01-01/deploymentTemplate.json#",
    "contentVersion": "1.0.0.0",
    "parameters": {
        "factoryName": {
            "type": "string",
            "metadata": "Data Factory name",
            "defaultValue": "OP-Saude"
        },
        "AzureBlobStorage1_connectionString": {
            "type": "secureString",
            "metadata": "Secure string for 'connectionString' of 'AzureBlobStorage1'"
        },
        "AzureSqlDW1_connectionString": {
            "type": "secureString",
            "metadata": "Secure string for 'connectionString' of 'AzureSqlDW1'"
        },
        "AzureDataLakeStore1_servicePrincipalKey": {
            "type": "secureString",
            "metadata": "Secure string for 'servicePrincipalKey' of 'AzureDataLakeStore1'"
        },
        "AzureDataLakeAnalytics1_servicePrincipalKey": {
            "type": "secureString",
            "metadata": "Secure string for 'servicePrincipalKey' of 'AzureDataLakeAnalytics1'"
        },
        "AzureSqlDatabase1_connectionString": {
            "type": "secureString",
            "metadata": "Secure string for 'connectionString' of 'AzureSqlDatabase1'"
        },
        "AzureDataLakeStore1_properties_typeProperties_dataLakeStoreUri": {
            "type": "string",
            "defaultValue": "https://arthurffd001dlk.azuredatalakestore.net/webhdfs/v1"
        },
        "AzureDataLakeStore1_properties_typeProperties_servicePrincipalId": {
            "type": "string",
            "defaultValue": "35db8ed1-865e-4e1e-8a15-e48695ef787e"
        },
        "AzureDataLakeStore1_properties_typeProperties_tenant": {
            "type": "string",
            "defaultValue": "893644dc-5968-475b-a33a-8f27ba9efee0"
        },
        "AzureDataLakeStore1_properties_typeProperties_subscriptionId": {
            "type": "string",
            "defaultValue": "c8ca7a4b-f52e-4030-a797-927fd96449bf"
        },
        "AzureDataLakeStore1_properties_typeProperties_resourceGroupName": {
            "type": "string",
            "defaultValue": "grupo_recurso_01"
        },
        "AzureDataLakeAnalytics1_properties_typeProperties_accountName": {
            "type": "string",
            "defaultValue": "arthurffd001dlkanalytics"
        },
        "AzureDataLakeAnalytics1_properties_typeProperties_servicePrincipalId": {
            "type": "string",
            "defaultValue": "35db8ed1-865e-4e1e-8a15-e48695ef787e"
        },
        "AzureDataLakeAnalytics1_properties_typeProperties_tenant": {
            "type": "string",
            "defaultValue": "893644dc-5968-475b-a33a-8f27ba9efee0"
        },
        "AzureDataLakeAnalytics1_properties_typeProperties_subscriptionId": {
            "type": "string",
            "defaultValue": "c8ca7a4b-f52e-4030-a797-927fd96449bf"
        },
        "AzureDataLakeAnalytics1_properties_typeProperties_resourceGroupName": {
            "type": "string",
            "defaultValue": "grupo_recurso_01"
        }
    },
    "variables": {
        "factoryId": "[concat('Microsoft.DataFactory/factories/', parameters('factoryName'))]"
    },
    "resources": [
        {
            "name": "[concat(parameters('factoryName'), '/AzureBlobStorage1')]",
            "type": "Microsoft.DataFactory/factories/linkedServices",
            "apiVersion": "2018-06-01",
            "properties": {
                "annotations": [],
                "type": "AzureBlobStorage",
                "typeProperties": {
                    "connectionString": "[parameters('AzureBlobStorage1_connectionString')]"
                }
            },
            "dependsOn": []
        },
        {
            "name": "[concat(parameters('factoryName'), '/AzureSqlDW1')]",
            "type": "Microsoft.DataFactory/factories/linkedServices",
            "apiVersion": "2018-06-01",
            "properties": {
                "annotations": [],
                "type": "AzureSqlDW",
                "typeProperties": {
                    "connectionString": "[parameters('AzureSqlDW1_connectionString')]"
                }
            },
            "dependsOn": []
        },
        {
            "name": "[concat(parameters('factoryName'), '/AzureDataLakeStore1')]",
            "type": "Microsoft.DataFactory/factories/linkedServices",
            "apiVersion": "2018-06-01",
            "properties": {
                "annotations": [],
                "type": "AzureDataLakeStore",
                "typeProperties": {
                    "dataLakeStoreUri": "[parameters('AzureDataLakeStore1_properties_typeProperties_dataLakeStoreUri')]",
                    "servicePrincipalId": "[parameters('AzureDataLakeStore1_properties_typeProperties_servicePrincipalId')]",
                    "servicePrincipalKey": {
                        "type": "SecureString",
                        "value": "[parameters('AzureDataLakeStore1_servicePrincipalKey')]"
                    },
                    "tenant": "[parameters('AzureDataLakeStore1_properties_typeProperties_tenant')]",
                    "subscriptionId": "[parameters('AzureDataLakeStore1_properties_typeProperties_subscriptionId')]",
                    "resourceGroupName": "[parameters('AzureDataLakeStore1_properties_typeProperties_resourceGroupName')]"
                }
            },
            "dependsOn": []
        },
        {
            "name": "[concat(parameters('factoryName'), '/AzureDataLakeAnalytics1')]",
            "type": "Microsoft.DataFactory/factories/linkedServices",
            "apiVersion": "2018-06-01",
            "properties": {
                "annotations": [],
                "type": "AzureDataLakeAnalytics",
                "typeProperties": {
                    "accountName": "[parameters('AzureDataLakeAnalytics1_properties_typeProperties_accountName')]",
                    "servicePrincipalId": "[parameters('AzureDataLakeAnalytics1_properties_typeProperties_servicePrincipalId')]",
                    "servicePrincipalKey": {
                        "type": "SecureString",
                        "value": "[parameters('AzureDataLakeAnalytics1_servicePrincipalKey')]"
                    },
                    "tenant": "[parameters('AzureDataLakeAnalytics1_properties_typeProperties_tenant')]",
                    "subscriptionId": "[parameters('AzureDataLakeAnalytics1_properties_typeProperties_subscriptionId')]",
                    "resourceGroupName": "[parameters('AzureDataLakeAnalytics1_properties_typeProperties_resourceGroupName')]"
                }
            },
            "dependsOn": []
        },
        {
            "name": "[concat(parameters('factoryName'), '/AzureSqlDatabase1')]",
            "type": "Microsoft.DataFactory/factories/linkedServices",
            "apiVersion": "2018-06-01",
            "properties": {
                "annotations": [],
                "type": "AzureSqlDatabase",
                "typeProperties": {
                    "connectionString": "[parameters('AzureSqlDatabase1_connectionString')]"
                }
            },
            "dependsOn": []
        },
        {
            "name": "[concat(parameters('factoryName'), '/dw_dim_ext_empresas')]",
            "type": "Microsoft.DataFactory/factories/datasets",
            "apiVersion": "2018-06-01",
            "properties": {
                "description": "External table",
                "linkedServiceName": {
                    "referenceName": "AzureSqlDW1",
                    "type": "LinkedServiceReference"
                },
                "annotations": [],
                "type": "AzureSqlDWTable",
                "schema": [
                    {
                        "name": "NUM_EMPRESA",
                        "type": "int",
                        "precision": 10
                    },
                    {
                        "name": "NOME_EMPRESA",
                        "type": "nvarchar"
                    },
                    {
                        "name": "RAZAO_SOCIAL",
                        "type": "nvarchar"
                    },
                    {
                        "name": "CNPJ",
                        "type": "nvarchar"
                    }
                ],
                "typeProperties": {
                    "schema": "dbo",
                    "table": "DimEmpresa_ext"
                }
            },
            "dependsOn": [
                "[concat(variables('factoryId'), '/linkedServices/AzureSqlDW1')]"
            ]
        },
        {
            "name": "[concat(parameters('factoryName'), '/DW_SQL_Dim_Empresa')]",
            "type": "Microsoft.DataFactory/factories/datasets",
            "apiVersion": "2018-06-01",
            "properties": {
                "linkedServiceName": {
                    "referenceName": "AzureSqlDW1",
                    "type": "LinkedServiceReference"
                },
                "annotations": [],
                "type": "AzureSqlDWTable",
                "schema": [
                    {
                        "name": "NUM_EMPRESA",
                        "type": "int",
                        "precision": 10
                    },
                    {
                        "name": "NOME_EMPRESA",
                        "type": "nvarchar"
                    },
                    {
                        "name": "RAZAO_SOCIAL",
                        "type": "nvarchar"
                    },
                    {
                        "name": "CNPJ",
                        "type": "nvarchar"
                    }
                ],
                "typeProperties": {
                    "schema": "dbo",
                    "table": "DimEmpresa"
                }
            },
            "dependsOn": [
                "[concat(variables('factoryId'), '/linkedServices/AzureSqlDW1')]"
            ]
        },
        {
            "name": "[concat(parameters('factoryName'), '/SQL_Ext_DimPrestador')]",
            "type": "Microsoft.DataFactory/factories/datasets",
            "apiVersion": "2018-06-01",
            "properties": {
                "linkedServiceName": {
                    "referenceName": "AzureSqlDW1",
                    "type": "LinkedServiceReference"
                },
                "annotations": [],
                "type": "AzureSqlDWTable",
                "schema": [
                    {
                        "name": "COD_PRESTADOR",
                        "type": "bigint",
                        "precision": 19
                    },
                    {
                        "name": "NOME_FANTASIA",
                        "type": "nvarchar"
                    },
                    {
                        "name": "NOME_COMPLETO",
                        "type": "nvarchar"
                    },
                    {
                        "name": "COD_CRM",
                        "type": "nvarchar"
                    },
                    {
                        "name": "UF_CRM",
                        "type": "nvarchar"
                    },
                    {
                        "name": "DAT_NASCIMENTO",
                        "type": "date"
                    },
                    {
                        "name": "NUM_CPF",
                        "type": "nvarchar"
                    },
                    {
                        "name": "NUM_CNPJ",
                        "type": "nvarchar"
                    },
                    {
                        "name": "TIPO_PRESTADOR",
                        "type": "nvarchar"
                    },
                    {
                        "name": "GRUPO_PRESTADOR",
                        "type": "nvarchar"
                    },
                    {
                        "name": "SITUACAO",
                        "type": "nvarchar"
                    },
                    {
                        "name": "DESC_ESPECIALIDADE",
                        "type": "nvarchar"
                    },
                    {
                        "name": "ESPECIALIDADE_PRINCIPAL",
                        "type": "nvarchar"
                    },
                    {
                        "name": "IND_GUIA_MEDICO",
                        "type": "nvarchar"
                    },
                    {
                        "name": "DESC_AREA_ATUACAO",
                        "type": "nvarchar"
                    },
                    {
                        "name": "AREA_ATUACAO_PRINCIPAL",
                        "type": "nvarchar"
                    },
                    {
                        "name": "TIPO_ENDERECO",
                        "type": "nvarchar"
                    },
                    {
                        "name": "FINALIDADE_ENDERECO",
                        "type": "nvarchar"
                    },
                    {
                        "name": "LOGRADOURO",
                        "type": "nvarchar"
                    },
                    {
                        "name": "NUMERO",
                        "type": "nvarchar"
                    },
                    {
                        "name": "COMPLEMENTO",
                        "type": "nvarchar"
                    },
                    {
                        "name": "BAIRRO",
                        "type": "nvarchar"
                    },
                    {
                        "name": "CIDADE",
                        "type": "nvarchar"
                    },
                    {
                        "name": "ESTADO",
                        "type": "nvarchar"
                    },
                    {
                        "name": "CEP",
                        "type": "nvarchar"
                    },
                    {
                        "name": "END_NR_LATITUDE",
                        "type": "nvarchar"
                    },
                    {
                        "name": "END_NR_LONGITUDE",
                        "type": "nvarchar"
                    },
                    {
                        "name": "IMPRIMIR_GUIA_MEDICO",
                        "type": "nvarchar"
                    },
                    {
                        "name": "CON_NRO_TEL",
                        "type": "nvarchar"
                    },
                    {
                        "name": "CON_NRO_FAX",
                        "type": "nvarchar"
                    },
                    {
                        "name": "CON_NRO_CEL",
                        "type": "nvarchar"
                    },
                    {
                        "name": "CON_DES_EMAIL",
                        "type": "nvarchar"
                    },
                    {
                        "name": "CNAES",
                        "type": "nvarchar"
                    }
                ],
                "typeProperties": {
                    "schema": "dbo",
                    "table": "DimPrestador_ext"
                }
            },
            "dependsOn": [
                "[concat(variables('factoryId'), '/linkedServices/AzureSqlDW1')]"
            ]
        },
        {
            "name": "[concat(parameters('factoryName'), '/SQL_DW_DimPrestador')]",
            "type": "Microsoft.DataFactory/factories/datasets",
            "apiVersion": "2018-06-01",
            "properties": {
                "linkedServiceName": {
                    "referenceName": "AzureSqlDW1",
                    "type": "LinkedServiceReference"
                },
                "annotations": [],
                "type": "AzureSqlDWTable",
                "schema": [
                    {
                        "name": "COD_PRESTADOR",
                        "type": "bigint",
                        "precision": 19
                    },
                    {
                        "name": "NOME_FANTASIA",
                        "type": "nvarchar"
                    },
                    {
                        "name": "NOME_COMPLETO",
                        "type": "nvarchar"
                    },
                    {
                        "name": "COD_CRM",
                        "type": "nvarchar"
                    },
                    {
                        "name": "UF_CRM",
                        "type": "nvarchar"
                    },
                    {
                        "name": "DAT_NASCIMENTO",
                        "type": "date",
                        "format": "dd/mm/yyyy"
                    },
                    {
                        "name": "NUM_CPF",
                        "type": "nvarchar"
                    },
                    {
                        "name": "NUM_CNPJ",
                        "type": "nvarchar"
                    },
                    {
                        "name": "TIPO_PRESTADOR",
                        "type": "nvarchar"
                    },
                    {
                        "name": "GRUPO_PRESTADOR",
                        "type": "nvarchar"
                    },
                    {
                        "name": "SITUACAO",
                        "type": "nvarchar"
                    },
                    {
                        "name": "DESC_ESPECIALIDADE",
                        "type": "nvarchar"
                    },
                    {
                        "name": "ESPECIALIDADE_PRINCIPAL",
                        "type": "nvarchar"
                    },
                    {
                        "name": "IND_GUIA_MEDICO",
                        "type": "nvarchar"
                    },
                    {
                        "name": "DESC_AREA_ATUACAO",
                        "type": "nvarchar"
                    },
                    {
                        "name": "AREA_ATUACAO_PRINCIPAL",
                        "type": "nvarchar"
                    },
                    {
                        "name": "TIPO_ENDERECO",
                        "type": "nvarchar"
                    },
                    {
                        "name": "FINALIDADE_ENDERECO",
                        "type": "nvarchar"
                    },
                    {
                        "name": "LOGRADOURO",
                        "type": "nvarchar"
                    },
                    {
                        "name": "NUMERO",
                        "type": "nvarchar"
                    },
                    {
                        "name": "COMPLEMENTO",
                        "type": "nvarchar"
                    },
                    {
                        "name": "BAIRRO",
                        "type": "nvarchar"
                    },
                    {
                        "name": "CIDADE",
                        "type": "nvarchar"
                    },
                    {
                        "name": "ESTADO",
                        "type": "nvarchar"
                    },
                    {
                        "name": "CEP",
                        "type": "nvarchar"
                    },
                    {
                        "name": "END_NR_LATITUDE",
                        "type": "nvarchar"
                    },
                    {
                        "name": "END_NR_LONGITUDE",
                        "type": "nvarchar"
                    },
                    {
                        "name": "IMPRIMIR_GUIA_MEDICO",
                        "type": "nvarchar"
                    },
                    {
                        "name": "CON_NRO_TEL",
                        "type": "nvarchar"
                    },
                    {
                        "name": "CON_NRO_FAX",
                        "type": "nvarchar"
                    },
                    {
                        "name": "CON_NRO_CEL",
                        "type": "nvarchar"
                    },
                    {
                        "name": "CON_DES_EMAIL",
                        "type": "nvarchar"
                    },
                    {
                        "name": "CNAES",
                        "type": "nvarchar"
                    }
                ],
                "typeProperties": {
                    "schema": "dbo",
                    "table": "DimPrestador"
                }
            },
            "dependsOn": [
                "[concat(variables('factoryId'), '/linkedServices/AzureSqlDW1')]"
            ]
        },
        {
            "name": "[concat(parameters('factoryName'), '/SourceDataset_bzs')]",
            "type": "Microsoft.DataFactory/factories/datasets",
            "apiVersion": "2018-06-01",
            "properties": {
                "linkedServiceName": {
                    "referenceName": "AzureBlobStorage1",
                    "type": "LinkedServiceReference"
                },
                "annotations": [],
                "type": "DelimitedText",
                "typeProperties": {
                    "location": {
                        "type": "AzureBlobStorageLocation",
                        "fileName": "prestadores.csv",
                        "container": "blob-opsaude-01"
                    },
                    "columnDelimiter": ";",
                    "escapeChar": "\\",
                    "firstRowAsHeader": true,
                    "quoteChar": "\""
                },
                "schema": [
                    {
                        "name": "COD_PRESTADOR",
                        "type": "String"
                    },
                    {
                        "name": "NOME_FANTASIA",
                        "type": "String"
                    },
                    {
                        "name": "NOME_COMPLETO",
                        "type": "String"
                    },
                    {
                        "name": "COD_CRM",
                        "type": "String"
                    },
                    {
                        "name": "UF_CRM",
                        "type": "String"
                    },
                    {
                        "name": "DAT_NASCIMENTO",
                        "type": "String"
                    },
                    {
                        "name": "NUM_CPF",
                        "type": "String"
                    },
                    {
                        "name": "NUM_CNPJ",
                        "type": "String"
                    },
                    {
                        "name": "TIPO_PRESTADOR",
                        "type": "String"
                    },
                    {
                        "name": "GRUPO_PRESTADOR",
                        "type": "String"
                    },
                    {
                        "name": "SITUACAO",
                        "type": "String"
                    },
                    {
                        "name": "DESC_ESPECIALIDADE",
                        "type": "String"
                    },
                    {
                        "name": "ESPECIALIDADE_PRINCIPAL",
                        "type": "String"
                    },
                    {
                        "name": "IND_GUIA_MEDICO",
                        "type": "String"
                    },
                    {
                        "name": "DESC_AREA_ATUACAO",
                        "type": "String"
                    },
                    {
                        "name": "AREA_ATUACAO_PRINCIPAL",
                        "type": "String"
                    },
                    {
                        "name": "TIPO_ENDERECO",
                        "type": "String"
                    },
                    {
                        "name": "FINALIDADE_ENDERECO",
                        "type": "String"
                    },
                    {
                        "name": "LOGRADOURO",
                        "type": "String"
                    },
                    {
                        "name": "NUMERO",
                        "type": "String"
                    },
                    {
                        "name": "COMPLEMENTO",
                        "type": "String"
                    },
                    {
                        "name": "BAIRRO",
                        "type": "String"
                    },
                    {
                        "name": "CIDADE",
                        "type": "String"
                    },
                    {
                        "name": "ESTADO",
                        "type": "String"
                    },
                    {
                        "name": "CEP",
                        "type": "String"
                    },
                    {
                        "name": "END_NR_LATITUDE",
                        "type": "String"
                    },
                    {
                        "name": "END_NR_LONGITUDE",
                        "type": "String"
                    },
                    {
                        "name": "IMPRIMIR_GUIA_MEDICO",
                        "type": "String"
                    },
                    {
                        "name": "CON_NRO_TEL",
                        "type": "String"
                    },
                    {
                        "name": "CON_NRO_FAX",
                        "type": "String"
                    },
                    {
                        "name": "CON_NRO_CEL",
                        "type": "String"
                    },
                    {
                        "name": "CON_DES_EMAIL",
                        "type": "String"
                    },
                    {
                        "name": "CNAES",
                        "type": "String"
                    }
                ]
            },
            "dependsOn": [
                "[concat(variables('factoryId'), '/linkedServices/AzureBlobStorage1')]"
            ]
        },
        {
            "name": "[concat(parameters('factoryName'), '/SQLDB_DimpPrestador')]",
            "type": "Microsoft.DataFactory/factories/datasets",
            "apiVersion": "2018-06-01",
            "properties": {
                "linkedServiceName": {
                    "referenceName": "AzureSqlDatabase1",
                    "type": "LinkedServiceReference"
                },
                "annotations": [],
                "type": "AzureSqlTable",
                "schema": [
                    {
                        "name": "COD_PRESTADOR",
                        "type": "bigint",
                        "precision": 19,
                        "scale": 0
                    },
                    {
                        "name": "NOME_FANTASIA",
                        "type": "nvarchar",
                        "precision": 0,
                        "scale": 0
                    },
                    {
                        "name": "NOME_COMPLETO",
                        "type": "nvarchar",
                        "precision": 0,
                        "scale": 0
                    },
                    {
                        "name": "COD_CRM",
                        "type": "nvarchar",
                        "precision": 0,
                        "scale": 0
                    },
                    {
                        "name": "UF_CRM",
                        "type": "nvarchar",
                        "precision": 0,
                        "scale": 0
                    },
                    {
                        "name": "DAT_NASCIMENTO",
                        "type": "date",
                        "precision": 10,
                        "scale": 0
                    },
                    {
                        "name": "CON_NRO_CEL",
                        "type": "nvarchar",
                        "precision": 0,
                        "scale": 0
                    },
                    {
                        "name": "CON_DES_EMAIL",
                        "type": "nvarchar",
                        "precision": 0,
                        "scale": 0
                    },
                    {
                        "name": "CNAES",
                        "type": "nvarchar",
                        "precision": 0,
                        "scale": 0
                    },
                    {
                        "name": "CEP",
                        "type": "nvarchar",
                        "precision": 0,
                        "scale": 0
                    },
                    {
                        "name": "END_NR_LATITUDE",
                        "type": "nvarchar",
                        "precision": 0,
                        "scale": 0
                    },
                    {
                        "name": "END_NR_LONGITUDE",
                        "type": "nvarchar",
                        "precision": 0,
                        "scale": 0
                    },
                    {
                        "name": "IMPRIMIR_GUIA_MEDICO",
                        "type": "nvarchar",
                        "precision": 0,
                        "scale": 0
                    },
                    {
                        "name": "CON_NRO_TEL",
                        "type": "nvarchar",
                        "precision": 0,
                        "scale": 0
                    },
                    {
                        "name": "CON_NRO_FAX",
                        "type": "nvarchar",
                        "precision": 0,
                        "scale": 0
                    },
                    {
                        "name": "LOGRADOURO",
                        "type": "nvarchar",
                        "precision": 0,
                        "scale": 0
                    },
                    {
                        "name": "NUMERO",
                        "type": "nvarchar",
                        "precision": 0,
                        "scale": 0
                    },
                    {
                        "name": "COMPLEMENTO",
                        "type": "nvarchar",
                        "precision": 0,
                        "scale": 0
                    },
                    {
                        "name": "BAIRRO",
                        "type": "nvarchar",
                        "precision": 0,
                        "scale": 0
                    },
                    {
                        "name": "CIDADE",
                        "type": "nvarchar",
                        "precision": 0,
                        "scale": 0
                    },
                    {
                        "name": "ESTADO",
                        "type": "nvarchar",
                        "precision": 0,
                        "scale": 0
                    },
                    {
                        "name": "ESPECIALIDADE_PRINCIPAL",
                        "type": "nvarchar",
                        "precision": 0,
                        "scale": 0
                    },
                    {
                        "name": "IND_GUIA_MEDICO",
                        "type": "nvarchar",
                        "precision": 0,
                        "scale": 0
                    },
                    {
                        "name": "DESC_AREA_ATUACAO",
                        "type": "nvarchar",
                        "precision": 0,
                        "scale": 0
                    },
                    {
                        "name": "AREA_ATUACAO_PRINCIPAL",
                        "type": "nvarchar",
                        "precision": 0,
                        "scale": 0
                    },
                    {
                        "name": "TIPO_ENDERECO",
                        "type": "nvarchar",
                        "precision": 0,
                        "scale": 0
                    },
                    {
                        "name": "FINALIDADE_ENDERECO",
                        "type": "nvarchar",
                        "precision": 0,
                        "scale": 0
                    },
                    {
                        "name": "NUM_CPF",
                        "type": "nvarchar",
                        "precision": 0,
                        "scale": 0
                    },
                    {
                        "name": "NUM_CNPJ",
                        "type": "nvarchar",
                        "precision": 0,
                        "scale": 0
                    },
                    {
                        "name": "TIPO_PRESTADOR",
                        "type": "nvarchar",
                        "precision": 0,
                        "scale": 0
                    },
                    {
                        "name": "GRUPO_PRESTADOR",
                        "type": "nvarchar",
                        "precision": 0,
                        "scale": 0
                    },
                    {
                        "name": "SITUACAO",
                        "type": "nvarchar",
                        "precision": 0,
                        "scale": 0
                    },
                    {
                        "name": "DESC_ESPECIALIDADE",
                        "type": "nvarchar",
                        "precision": 0,
                        "scale": 0
                    }
                ],
                "typeProperties": {
                    "schema": "dbo",
                    "table": "DimPrestador"
                }
            },
            "dependsOn": [
                "[concat(variables('factoryId'), '/linkedServices/AzureSqlDatabase1')]"
            ]
        },
        {
            "name": "[concat(parameters('factoryName'), '/Blob_Prestadores_csv')]",
            "type": "Microsoft.DataFactory/factories/datasets",
            "apiVersion": "2018-06-01",
            "properties": {
                "linkedServiceName": {
                    "referenceName": "AzureBlobStorage1",
                    "type": "LinkedServiceReference"
                },
                "annotations": [],
                "type": "DelimitedText",
                "typeProperties": {
                    "location": {
                        "type": "AzureBlobStorageLocation",
                        "fileName": "prestadores.csv",
                        "container": "blob-opsaude-01"
                    },
                    "columnDelimiter": ";",
                    "escapeChar": "\\",
                    "firstRowAsHeader": true,
                    "quoteChar": "\""
                },
                "schema": [
                    {
                        "name": "COD_PRESTADOR",
                        "type": "String"
                    },
                    {
                        "name": "NOME_FANTASIA",
                        "type": "String"
                    },
                    {
                        "name": "NOME_COMPLETO",
                        "type": "String"
                    },
                    {
                        "name": "COD_CRM",
                        "type": "String"
                    },
                    {
                        "name": "UF_CRM",
                        "type": "String"
                    },
                    {
                        "name": "DAT_NASCIMENTO",
                        "type": "String"
                    },
                    {
                        "name": "NUM_CPF",
                        "type": "String"
                    },
                    {
                        "name": "NUM_CNPJ",
                        "type": "String"
                    },
                    {
                        "name": "TIPO_PRESTADOR",
                        "type": "String"
                    },
                    {
                        "name": "GRUPO_PRESTADOR",
                        "type": "String"
                    },
                    {
                        "name": "SITUACAO",
                        "type": "String"
                    },
                    {
                        "name": "DESC_ESPECIALIDADE",
                        "type": "String"
                    },
                    {
                        "name": "ESPECIALIDADE_PRINCIPAL",
                        "type": "String"
                    },
                    {
                        "name": "IND_GUIA_MEDICO",
                        "type": "String"
                    },
                    {
                        "name": "DESC_AREA_ATUACAO",
                        "type": "String"
                    },
                    {
                        "name": "AREA_ATUACAO_PRINCIPAL",
                        "type": "String"
                    },
                    {
                        "name": "TIPO_ENDERECO",
                        "type": "String"
                    },
                    {
                        "name": "FINALIDADE_ENDERECO",
                        "type": "String"
                    },
                    {
                        "name": "LOGRADOURO",
                        "type": "String"
                    },
                    {
                        "name": "NUMERO",
                        "type": "String"
                    },
                    {
                        "name": "COMPLEMENTO",
                        "type": "String"
                    },
                    {
                        "name": "BAIRRO",
                        "type": "String"
                    },
                    {
                        "name": "CIDADE",
                        "type": "String"
                    },
                    {
                        "name": "ESTADO",
                        "type": "String"
                    },
                    {
                        "name": "CEP",
                        "type": "String"
                    },
                    {
                        "name": "END_NR_LATITUDE",
                        "type": "String"
                    },
                    {
                        "name": "END_NR_LONGITUDE",
                        "type": "String"
                    },
                    {
                        "name": "IMPRIMIR_GUIA_MEDICO",
                        "type": "String"
                    },
                    {
                        "name": "CON_NRO_TEL",
                        "type": "String"
                    },
                    {
                        "name": "CON_NRO_FAX",
                        "type": "String"
                    },
                    {
                        "name": "CON_NRO_CEL",
                        "type": "String"
                    },
                    {
                        "name": "CON_DES_EMAIL",
                        "type": "String"
                    },
                    {
                        "name": "CNAES",
                        "type": "String"
                    }
                ]
            },
            "dependsOn": [
                "[concat(variables('factoryId'), '/linkedServices/AzureBlobStorage1')]"
            ]
        },
        {
            "name": "[concat(parameters('factoryName'), '/Blob_Beneficiarios_csv')]",
            "type": "Microsoft.DataFactory/factories/datasets",
            "apiVersion": "2018-06-01",
            "properties": {
                "linkedServiceName": {
                    "referenceName": "AzureBlobStorage1",
                    "type": "LinkedServiceReference"
                },
                "annotations": [],
                "type": "DelimitedText",
                "typeProperties": {
                    "location": {
                        "type": "AzureBlobStorageLocation",
                        "fileName": "beneficiarios.csv",
                        "container": "blob-opsaude-01"
                    },
                    "columnDelimiter": ";",
                    "escapeChar": "\\",
                    "firstRowAsHeader": true,
                    "quoteChar": "\""
                },
                "schema": [
                    {
                        "name": "COD_PESSOA",
                        "type": "String"
                    },
                    {
                        "name": "CODIGO_BENEFICIARIO",
                        "type": "String"
                    },
                    {
                        "name": "COD_BENEF_TITULAR",
                        "type": "String"
                    },
                    {
                        "name": "NUM_EMPRESA",
                        "type": "String"
                    },
                    {
                        "name": "NOME_INTERNO",
                        "type": "String"
                    },
                    {
                        "name": "NOME_BENEFICIARIO",
                        "type": "String"
                    },
                    {
                        "name": "NUM_CPF",
                        "type": "String"
                    },
                    {
                        "name": "DAT_NASCIMENTO",
                        "type": "String"
                    },
                    {
                        "name": "PLANO_REGISTRO",
                        "type": "String"
                    },
                    {
                        "name": "PLANO_DESCRICAO",
                        "type": "String"
                    },
                    {
                        "name": "REGULAMENTADO",
                        "type": "String"
                    },
                    {
                        "name": "PLANO_COPARTICIPACAO",
                        "type": "String"
                    },
                    {
                        "name": "LIMIT_MAX_COPART",
                        "type": "String"
                    },
                    {
                        "name": "PLANO_ACOMODACAO",
                        "type": "String"
                    },
                    {
                        "name": "PLANO_ABRANGENCIA",
                        "type": "String"
                    },
                    {
                        "name": "DEPENDENCIA",
                        "type": "String"
                    },
                    {
                        "name": "DAT_INCLUSAO",
                        "type": "String"
                    },
                    {
                        "name": "DAT_EXCLUSAO",
                        "type": "String"
                    },
                    {
                        "name": "NOME_MAE",
                        "type": "String"
                    },
                    {
                        "name": "SEXO",
                        "type": "String"
                    },
                    {
                        "name": "TIPO_CONTRATO",
                        "type": "String"
                    },
                    {
                        "name": "TIPO_PESSOA_CONTRATO",
                        "type": "String"
                    },
                    {
                        "name": "LOGRADOURO",
                        "type": "String"
                    },
                    {
                        "name": "BAIRRO",
                        "type": "String"
                    },
                    {
                        "name": "MUNICIPIO",
                        "type": "String"
                    },
                    {
                        "name": "ESTADO",
                        "type": "String"
                    },
                    {
                        "name": "CEP",
                        "type": "String"
                    },
                    {
                        "name": "TIPO_CLIENTE",
                        "type": "String"
                    },
                    {
                        "name": "CARTAO_NACIONAL_SAUDE",
                        "type": "String"
                    }
                ]
            },
            "dependsOn": [
                "[concat(variables('factoryId'), '/linkedServices/AzureBlobStorage1')]"
            ]
        },
        {
            "name": "[concat(parameters('factoryName'), '/DLK_Dim_Beneficiarios')]",
            "type": "Microsoft.DataFactory/factories/datasets",
            "apiVersion": "2018-06-01",
            "properties": {
                "linkedServiceName": {
                    "referenceName": "AzureDataLakeStore1",
                    "type": "LinkedServiceReference"
                },
                "annotations": [],
                "type": "DelimitedText",
                "typeProperties": {
                    "location": {
                        "type": "AzureDataLakeStoreLocation",
                        "fileName": "dlk001_beneficiarios.csv",
                        "folderPath": "dimBeneficiarios"
                    },
                    "columnDelimiter": ",",
                    "escapeChar": "\\",
                    "firstRowAsHeader": true,
                    "quoteChar": "\""
                },
                "schema": [
                    {
                        "name": "COD_PESSOA",
                        "type": "String"
                    },
                    {
                        "name": "CODIGO_BENEFICIARIO",
                        "type": "String"
                    },
                    {
                        "name": "COD_BENEF_TITULAR",
                        "type": "String"
                    },
                    {
                        "name": "NUM_EMPRESA",
                        "type": "String"
                    },
                    {
                        "name": "NOME_INTERNO",
                        "type": "String"
                    },
                    {
                        "name": "NOME_BENEFICIARIO",
                        "type": "String"
                    },
                    {
                        "name": "NUM_CPF",
                        "type": "String"
                    },
                    {
                        "name": "DAT_NASCIMENTO",
                        "type": "String"
                    },
                    {
                        "name": "PLANO_REGISTRO",
                        "type": "String"
                    },
                    {
                        "name": "PLANO_DESCRICAO",
                        "type": "String"
                    },
                    {
                        "name": "REGULAMENTADO",
                        "type": "String"
                    },
                    {
                        "name": "PLANO_COPARTICIPACAO",
                        "type": "String"
                    },
                    {
                        "name": "LIMIT_MAX_COPART",
                        "type": "String"
                    },
                    {
                        "name": "PLANO_ACOMODACAO",
                        "type": "String"
                    },
                    {
                        "name": "PLANO_ABRANGENCIA",
                        "type": "String"
                    },
                    {
                        "name": "DEPENDENCIA",
                        "type": "String"
                    },
                    {
                        "name": "DAT_INCLUSAO",
                        "type": "String"
                    },
                    {
                        "name": "DAT_EXCLUSAO",
                        "type": "String"
                    },
                    {
                        "name": "NOME_MAE",
                        "type": "String"
                    },
                    {
                        "name": "SEXO",
                        "type": "String"
                    },
                    {
                        "name": "TIPO_CONTRATO",
                        "type": "String"
                    },
                    {
                        "name": "TIPO_PESSOA_CONTRATO",
                        "type": "String"
                    },
                    {
                        "name": "LOGRADOURO",
                        "type": "String"
                    },
                    {
                        "name": "BAIRRO",
                        "type": "String"
                    },
                    {
                        "name": "MUNICIPIO",
                        "type": "String"
                    },
                    {
                        "name": "ESTADO",
                        "type": "String"
                    },
                    {
                        "name": "CEP",
                        "type": "String"
                    },
                    {
                        "name": "TIPO_CLIENTE",
                        "type": "String"
                    },
                    {
                        "name": "CARTAO_NACIONAL_SAUDE",
                        "type": "String"
                    }
                ]
            },
            "dependsOn": [
                "[concat(variables('factoryId'), '/linkedServices/AzureDataLakeStore1')]"
            ]
        },
        {
            "name": "[concat(parameters('factoryName'), '/DLK_Dim_Empresas')]",
            "type": "Microsoft.DataFactory/factories/datasets",
            "apiVersion": "2018-06-01",
            "properties": {
                "linkedServiceName": {
                    "referenceName": "AzureDataLakeStore1",
                    "type": "LinkedServiceReference"
                },
                "annotations": [],
                "type": "DelimitedText",
                "typeProperties": {
                    "location": {
                        "type": "AzureDataLakeStoreLocation",
                        "fileName": "ExtDim-Empresa.csv",
                        "folderPath": "dimEmpresa"
                    },
                    "columnDelimiter": ";",
                    "escapeChar": "\\",
                    "firstRowAsHeader": true,
                    "quoteChar": "\""
                },
                "schema": []
            },
            "dependsOn": [
                "[concat(variables('factoryId'), '/linkedServices/AzureDataLakeStore1')]"
            ]
        },
        {
            "name": "[concat(parameters('factoryName'), '/Blob_empresas_csv')]",
            "type": "Microsoft.DataFactory/factories/datasets",
            "apiVersion": "2018-06-01",
            "properties": {
                "linkedServiceName": {
                    "referenceName": "AzureBlobStorage1",
                    "type": "LinkedServiceReference"
                },
                "annotations": [],
                "type": "DelimitedText",
                "typeProperties": {
                    "location": {
                        "type": "AzureBlobStorageLocation",
                        "fileName": "empresas.csv",
                        "container": "blob-opsaude-01"
                    },
                    "columnDelimiter": ";",
                    "escapeChar": "\\",
                    "firstRowAsHeader": true,
                    "quoteChar": "\""
                },
                "schema": [
                    {
                        "name": "NUM_EMPRESA",
                        "type": "String"
                    },
                    {
                        "name": "NOME_EMPRESA",
                        "type": "String"
                    },
                    {
                        "name": "RAZAO_SOCIAL",
                        "type": "String"
                    },
                    {
                        "name": "CNPJ",
                        "type": "String"
                    }
                ]
            },
            "dependsOn": [
                "[concat(variables('factoryId'), '/linkedServices/AzureBlobStorage1')]"
            ]
        },
        {
            "name": "[concat(parameters('factoryName'), '/DLK_Dim_Prestadores_csv')]",
            "type": "Microsoft.DataFactory/factories/datasets",
            "apiVersion": "2018-06-01",
            "properties": {
                "linkedServiceName": {
                    "referenceName": "AzureDataLakeStore1",
                    "type": "LinkedServiceReference"
                },
                "annotations": [],
                "type": "DelimitedText",
                "typeProperties": {
                    "location": {
                        "type": "AzureDataLakeStoreLocation",
                        "folderPath": "dimPrestador"
                    },
                    "columnDelimiter": ";",
                    "escapeChar": "\\",
                    "firstRowAsHeader": true,
                    "quoteChar": "\""
                },
                "schema": []
            },
            "dependsOn": [
                "[concat(variables('factoryId'), '/linkedServices/AzureDataLakeStore1')]"
            ]
        },
        {
            "name": "[concat(parameters('factoryName'), '/DLK_Fact_Custos')]",
            "type": "Microsoft.DataFactory/factories/datasets",
            "apiVersion": "2018-06-01",
            "properties": {
                "linkedServiceName": {
                    "referenceName": "AzureDataLakeStore1",
                    "type": "LinkedServiceReference"
                },
                "annotations": [],
                "type": "DelimitedText",
                "typeProperties": {
                    "location": {
                        "type": "AzureDataLakeStoreLocation",
                        "fileName": "dlk_custos.csv",
                        "folderPath": "dimCustos"
                    },
                    "columnDelimiter": ",",
                    "escapeChar": "\\",
                    "firstRowAsHeader": true,
                    "quoteChar": "\""
                },
                "schema": [
                    {
                        "name": "CODIGO_BENEFICIARIO",
                        "type": "String"
                    },
                    {
                        "name": "COMPETENCIA",
                        "type": "String"
                    },
                    {
                        "name": "NUM_GUIA",
                        "type": "String"
                    },
                    {
                        "name": "NUM_GUIA_PRINCIPAL",
                        "type": "String"
                    },
                    {
                        "name": "DATA_EXECUCAO",
                        "type": "String"
                    },
                    {
                        "name": "CID_COD",
                        "type": "String"
                    },
                    {
                        "name": "DATA_INICIO_INTERNACAO",
                        "type": "String"
                    },
                    {
                        "name": "DATA_FIM_INTERNACAO",
                        "type": "String"
                    },
                    {
                        "name": "COD_SOLICITANTE",
                        "type": "String"
                    },
                    {
                        "name": "COD_PREST_EXECUTANTE",
                        "type": "String"
                    },
                    {
                        "name": "COD_LOCAL_ATENDIMENTO",
                        "type": "String"
                    },
                    {
                        "name": "COD_CAPA_UNICO",
                        "type": "String"
                    },
                    {
                        "name": "COD_PREST_PAGAMENTO",
                        "type": "String"
                    },
                    {
                        "name": "CODIGO_SERVICO",
                        "type": "String"
                    },
                    {
                        "name": "TIPO_SERVICO",
                        "type": "String"
                    },
                    {
                        "name": "QUANTIDADE",
                        "type": "String"
                    },
                    {
                        "name": "QTD_UNICA",
                        "type": "String"
                    },
                    {
                        "name": "VAL_TOTAL",
                        "type": "String"
                    },
                    {
                        "name": "VAL_HM",
                        "type": "String"
                    },
                    {
                        "name": "VAL_CO",
                        "type": "String"
                    },
                    {
                        "name": "VAL_FILME",
                        "type": "String"
                    },
                    {
                        "name": "VAL_BASE_PGTO",
                        "type": "String"
                    },
                    {
                        "name": "VAL_BASE_HM",
                        "type": "String"
                    },
                    {
                        "name": "VAL_BASE_CO",
                        "type": "String"
                    },
                    {
                        "name": "VAL_BASE_FILME",
                        "type": "String"
                    },
                    {
                        "name": "VALOR_FATURADO",
                        "type": "String"
                    },
                    {
                        "name": "IND_INTERNACAO",
                        "type": "String"
                    },
                    {
                        "name": "PARTICIPA_PREST",
                        "type": "String"
                    },
                    {
                        "name": "TIPO_LCTO",
                        "type": "String"
                    },
                    {
                        "name": "TIPO_ATENDIMENTO",
                        "type": "String"
                    },
                    {
                        "name": "TIPO_GUIA",
                        "type": "String"
                    },
                    {
                        "name": "TIPO_INTERNACAO",
                        "type": "String"
                    },
                    {
                        "name": "TIPO_ACOMODACAO",
                        "type": "String"
                    },
                    {
                        "name": "INDICACAO_CLINICA",
                        "type": "String"
                    }
                ]
            },
            "dependsOn": [
                "[concat(variables('factoryId'), '/linkedServices/AzureDataLakeStore1')]"
            ]
        },
        {
            "name": "[concat(parameters('factoryName'), '/Blob_Custos_csv')]",
            "type": "Microsoft.DataFactory/factories/datasets",
            "apiVersion": "2018-06-01",
            "properties": {
                "linkedServiceName": {
                    "referenceName": "AzureBlobStorage1",
                    "type": "LinkedServiceReference"
                },
                "annotations": [],
                "type": "DelimitedText",
                "typeProperties": {
                    "location": {
                        "type": "AzureBlobStorageLocation",
                        "fileName": "custos201901-201906.csv.gz",
                        "container": "blob-opsaude-01"
                    },
                    "columnDelimiter": ";",
                    "compressionCodec": "gzip",
                    "escapeChar": "\\",
                    "firstRowAsHeader": true,
                    "quoteChar": "\""
                },
                "schema": [
                    {
                        "name": "CODIGO_BENEFICIARIO",
                        "type": "String"
                    },
                    {
                        "name": "COMPETENCIA",
                        "type": "String"
                    },
                    {
                        "name": "NUM_GUIA",
                        "type": "String"
                    },
                    {
                        "name": "NUM_GUIA_PRINCIPAL",
                        "type": "String"
                    },
                    {
                        "name": "DATA_EXECUCAO",
                        "type": "String"
                    },
                    {
                        "name": "CID_COD",
                        "type": "String"
                    },
                    {
                        "name": "DATA_INICIO_INTERNACAO",
                        "type": "String"
                    },
                    {
                        "name": "DATA_FIM_INTERNACAO",
                        "type": "String"
                    },
                    {
                        "name": "COD_SOLICITANTE",
                        "type": "String"
                    },
                    {
                        "name": "COD_PREST_EXECUTANTE",
                        "type": "String"
                    },
                    {
                        "name": "COD_LOCAL_ATENDIMENTO",
                        "type": "String"
                    },
                    {
                        "name": "COD_CAPA_UNICO",
                        "type": "String"
                    },
                    {
                        "name": "COD_PREST_PAGAMENTO",
                        "type": "String"
                    },
                    {
                        "name": "CODIGO_SERVICO",
                        "type": "String"
                    },
                    {
                        "name": "TIPO_SERVICO",
                        "type": "String"
                    },
                    {
                        "name": "QUANTIDADE",
                        "type": "String"
                    },
                    {
                        "name": "QTD_UNICA",
                        "type": "String"
                    },
                    {
                        "name": "VAL_TOTAL",
                        "type": "String"
                    },
                    {
                        "name": "VAL_HM",
                        "type": "String"
                    },
                    {
                        "name": "VAL_CO",
                        "type": "String"
                    },
                    {
                        "name": "VAL_FILME",
                        "type": "String"
                    },
                    {
                        "name": "VAL_BASE_PGTO",
                        "type": "String"
                    },
                    {
                        "name": "VAL_BASE_HM",
                        "type": "String"
                    },
                    {
                        "name": "VAL_BASE_CO",
                        "type": "String"
                    },
                    {
                        "name": "VAL_BASE_FILME",
                        "type": "String"
                    },
                    {
                        "name": "VALOR_FATURADO",
                        "type": "String"
                    },
                    {
                        "name": "IND_INTERNACAO",
                        "type": "String"
                    },
                    {
                        "name": "PARTICIPA_PREST",
                        "type": "String"
                    },
                    {
                        "name": "TIPO_LCTO",
                        "type": "String"
                    },
                    {
                        "name": "TIPO_ATENDIMENTO",
                        "type": "String"
                    },
                    {
                        "name": "TIPO_GUIA",
                        "type": "String"
                    },
                    {
                        "name": "TIPO_INTERNACAO",
                        "type": "String"
                    },
                    {
                        "name": "TIPO_ACOMODACAO",
                        "type": "String"
                    },
                    {
                        "name": "INDICACAO_CLINICA",
                        "type": "String"
                    }
                ]
            },
            "dependsOn": [
                "[concat(variables('factoryId'), '/linkedServices/AzureBlobStorage1')]"
            ]
        },
        {
            "name": "[concat(parameters('factoryName'), '/SqlDBFactCustosAgg')]",
            "type": "Microsoft.DataFactory/factories/datasets",
            "apiVersion": "2018-06-01",
            "properties": {
                "linkedServiceName": {
                    "referenceName": "AzureSqlDatabase1",
                    "type": "LinkedServiceReference"
                },
                "annotations": [],
                "type": "AzureSqlTable",
                "schema": [
                    {
                        "name": "CODIGO_BENEFICIARIO",
                        "type": "nvarchar"
                    },
                    {
                        "name": "COMPETENCIA",
                        "type": "date"
                    },
                    {
                        "name": "NUM_GUIA",
                        "type": "nvarchar"
                    },
                    {
                        "name": "DATA_EXECUCAO",
                        "type": "date"
                    },
                    {
                        "name": "COD_SOLICITANTE",
                        "type": "nvarchar"
                    },
                    {
                        "name": "COD_PREST_EXECUTANTE",
                        "type": "nvarchar"
                    },
                    {
                        "name": "COD_LOCAL_ATENDIMENTO",
                        "type": "nvarchar"
                    },
                    {
                        "name": "CODIGO_SERVICO",
                        "type": "nvarchar"
                    },
                    {
                        "name": "TIPO_SERVICO",
                        "type": "nvarchar"
                    },
                    {
                        "name": "QUANTIDADE",
                        "type": "int",
                        "precision": 10
                    },
                    {
                        "name": "VAL_TOTAL",
                        "type": "decimal",
                        "precision": 12,
                        "scale": 2
                    },
                    {
                        "name": "VAL_BASE_PGTO",
                        "type": "decimal",
                        "precision": 12,
                        "scale": 2
                    },
                    {
                        "name": "VALOR_FATURADO",
                        "type": "decimal",
                        "precision": 12,
                        "scale": 2
                    }
                ],
                "typeProperties": {
                    "schema": "dbo",
                    "table": "fact_custos_agg"
                }
            },
            "dependsOn": [
                "[concat(variables('factoryId'), '/linkedServices/AzureSqlDatabase1')]"
            ]
        }
    ]
}