{
    "$schema": "http://schema.management.azure.com/schemas/2015-01-01/deploymentTemplate.json#",
    "contentVersion": "1.0.0.0",
    "parameters": {
        "factoryName": {
            "type": "string",
            "metadata": "Data Factory name",
            "defaultValue": "OP-Saude"
        },
        "AzureBlobStorage1_connectionString": {
            "type": "secureString",
            "metadata": "Secure string for 'connectionString' of 'AzureBlobStorage1'"
        },
        "AzureSqlDW1_connectionString": {
            "type": "secureString",
            "metadata": "Secure string for 'connectionString' of 'AzureSqlDW1'"
        },
        "AzureDataLakeStore1_servicePrincipalKey": {
            "type": "secureString",
            "metadata": "Secure string for 'servicePrincipalKey' of 'AzureDataLakeStore1'"
        },
        "AzureDataLakeAnalytics1_servicePrincipalKey": {
            "type": "secureString",
            "metadata": "Secure string for 'servicePrincipalKey' of 'AzureDataLakeAnalytics1'"
        },
        "AzureSqlDatabase1_connectionString": {
            "type": "secureString",
            "metadata": "Secure string for 'connectionString' of 'AzureSqlDatabase1'"
        },
        "AzureDataLakeStore1_properties_typeProperties_dataLakeStoreUri": {
            "type": "string",
            "defaultValue": "https://arthurffd001dlk.azuredatalakestore.net/webhdfs/v1"
        },
        "AzureDataLakeStore1_properties_typeProperties_servicePrincipalId": {
            "type": "string",
            "defaultValue": "35db8ed1-865e-4e1e-8a15-e48695ef787e"
        },
        "AzureDataLakeStore1_properties_typeProperties_tenant": {
            "type": "string",
            "defaultValue": "893644dc-5968-475b-a33a-8f27ba9efee0"
        },
        "AzureDataLakeStore1_properties_typeProperties_subscriptionId": {
            "type": "string",
            "defaultValue": "c8ca7a4b-f52e-4030-a797-927fd96449bf"
        },
        "AzureDataLakeStore1_properties_typeProperties_resourceGroupName": {
            "type": "string",
            "defaultValue": "grupo_recurso_01"
        },
        "AzureDataLakeAnalytics1_properties_typeProperties_accountName": {
            "type": "string",
            "defaultValue": "arthurffd001dlkanalytics"
        },
        "AzureDataLakeAnalytics1_properties_typeProperties_servicePrincipalId": {
            "type": "string",
            "defaultValue": "35db8ed1-865e-4e1e-8a15-e48695ef787e"
        },
        "AzureDataLakeAnalytics1_properties_typeProperties_tenant": {
            "type": "string",
            "defaultValue": "893644dc-5968-475b-a33a-8f27ba9efee0"
        },
        "AzureDataLakeAnalytics1_properties_typeProperties_subscriptionId": {
            "type": "string",
            "defaultValue": "c8ca7a4b-f52e-4030-a797-927fd96449bf"
        },
        "AzureDataLakeAnalytics1_properties_typeProperties_resourceGroupName": {
            "type": "string",
            "defaultValue": "grupo_recurso_01"
        },
        "containerUri": {
            "type": "string",
            "metadata": "URI to storage account containing linked ARM templates"
        },
        "containerSasToken": {
            "type": "string",
            "metadata": "Sas token to storage account containing linked ARM templates"
        }
    },
    "variables": {
        "factoryId": "[concat('Microsoft.DataFactory/factories/', parameters('factoryName'))]"
    },
    "resources": [
        {
            "name": "ArmTemplate_0",
            "type": "Microsoft.Resources/deployments",
            "apiVersion": "2018-02-01",
            "properties": {
                "mode": "incremental",
                "templateLink": {
                    "uri": "[concat(parameters('containerUri'), '/ArmTemplate_0.json', parameters('containerSasToken'))]",
                    "contentVersion": "1.0.0.0"
                },
                "parameters": {
                    "factoryName": {
                        "value": "[parameters('factoryName')]"
                    },
                    "AzureBlobStorage1_connectionString": {
                        "value": "[parameters('AzureBlobStorage1_connectionString')]"
                    },
                    "AzureSqlDW1_connectionString": {
                        "value": "[parameters('AzureSqlDW1_connectionString')]"
                    },
                    "AzureDataLakeStore1_servicePrincipalKey": {
                        "value": "[parameters('AzureDataLakeStore1_servicePrincipalKey')]"
                    },
                    "AzureDataLakeAnalytics1_servicePrincipalKey": {
                        "value": "[parameters('AzureDataLakeAnalytics1_servicePrincipalKey')]"
                    },
                    "AzureSqlDatabase1_connectionString": {
                        "value": "[parameters('AzureSqlDatabase1_connectionString')]"
                    },
                    "AzureDataLakeStore1_properties_typeProperties_dataLakeStoreUri": {
                        "value": "[parameters('AzureDataLakeStore1_properties_typeProperties_dataLakeStoreUri')]"
                    },
                    "AzureDataLakeStore1_properties_typeProperties_servicePrincipalId": {
                        "value": "[parameters('AzureDataLakeStore1_properties_typeProperties_servicePrincipalId')]"
                    },
                    "AzureDataLakeStore1_properties_typeProperties_tenant": {
                        "value": "[parameters('AzureDataLakeStore1_properties_typeProperties_tenant')]"
                    },
                    "AzureDataLakeStore1_properties_typeProperties_subscriptionId": {
                        "value": "[parameters('AzureDataLakeStore1_properties_typeProperties_subscriptionId')]"
                    },
                    "AzureDataLakeStore1_properties_typeProperties_resourceGroupName": {
                        "value": "[parameters('AzureDataLakeStore1_properties_typeProperties_resourceGroupName')]"
                    },
                    "AzureDataLakeAnalytics1_properties_typeProperties_accountName": {
                        "value": "[parameters('AzureDataLakeAnalytics1_properties_typeProperties_accountName')]"
                    },
                    "AzureDataLakeAnalytics1_properties_typeProperties_servicePrincipalId": {
                        "value": "[parameters('AzureDataLakeAnalytics1_properties_typeProperties_servicePrincipalId')]"
                    },
                    "AzureDataLakeAnalytics1_properties_typeProperties_tenant": {
                        "value": "[parameters('AzureDataLakeAnalytics1_properties_typeProperties_tenant')]"
                    },
                    "AzureDataLakeAnalytics1_properties_typeProperties_subscriptionId": {
                        "value": "[parameters('AzureDataLakeAnalytics1_properties_typeProperties_subscriptionId')]"
                    },
                    "AzureDataLakeAnalytics1_properties_typeProperties_resourceGroupName": {
                        "value": "[parameters('AzureDataLakeAnalytics1_properties_typeProperties_resourceGroupName')]"
                    }
                }
            },
            "dependsOn": []
        },
        {
            "name": "ArmTemplate_1",
            "type": "Microsoft.Resources/deployments",
            "apiVersion": "2018-02-01",
            "properties": {
                "mode": "incremental",
                "templateLink": {
                    "uri": "[concat(parameters('containerUri'), '/ArmTemplate_1.json', parameters('containerSasToken'))]",
                    "contentVersion": "1.0.0.0"
                },
                "parameters": {
                    "factoryName": {
                        "value": "[parameters('factoryName')]"
                    }
                }
            },
            "dependsOn": [
                "[resourceId('Microsoft.Resources/deployments', 'ArmTemplate_0')]"
            ]
        }
    ]
}