{
    "$schema": "https://schema.management.azure.com/schemas/2015-01-01/deploymentParameters.json#",
    "contentVersion": "1.0.0.0",
    "parameters": {
        "factoryName": {
            "value": "OP-Saude"
        },
        "AzureBlobStorage1_connectionString": {
            "value": ""
        },
        "AzureSqlDW1_connectionString": {
            "value": ""
        },
        "AzureDataLakeStore1_servicePrincipalKey": {
            "value": ""
        },
        "AzureDataLakeAnalytics1_servicePrincipalKey": {
            "value": ""
        },
        "AzureSqlDatabase1_connectionString": {
            "value": ""
        },
        "AzureDataLakeStore1_properties_typeProperties_dataLakeStoreUri": {
            "value": "https://arthurffd001dlk.azuredatalakestore.net/webhdfs/v1"
        },
        "AzureDataLakeStore1_properties_typeProperties_servicePrincipalId": {
            "value": "35db8ed1-865e-4e1e-8a15-e48695ef787e"
        },
        "AzureDataLakeStore1_properties_typeProperties_tenant": {
            "value": "893644dc-5968-475b-a33a-8f27ba9efee0"
        },
        "AzureDataLakeStore1_properties_typeProperties_subscriptionId": {
            "value": "c8ca7a4b-f52e-4030-a797-927fd96449bf"
        },
        "AzureDataLakeStore1_properties_typeProperties_resourceGroupName": {
            "value": "grupo_recurso_01"
        },
        "AzureDataLakeAnalytics1_properties_typeProperties_accountName": {
            "value": "arthurffd001dlkanalytics"
        },
        "AzureDataLakeAnalytics1_properties_typeProperties_servicePrincipalId": {
            "value": "35db8ed1-865e-4e1e-8a15-e48695ef787e"
        },
        "AzureDataLakeAnalytics1_properties_typeProperties_tenant": {
            "value": "893644dc-5968-475b-a33a-8f27ba9efee0"
        },
        "AzureDataLakeAnalytics1_properties_typeProperties_subscriptionId": {
            "value": "c8ca7a4b-f52e-4030-a797-927fd96449bf"
        },
        "AzureDataLakeAnalytics1_properties_typeProperties_resourceGroupName": {
            "value": "grupo_recurso_01"
        },
        "containerUri": {
            "value": ""
        },
        "containerSasToken": {
            "value": ""
        }
    }
}